,address,issue_reported,location_latitude,location_longitude,published_date
0,15436 Fm 1825 Rd,Crash Urgent,30.447823,-97.662267,2018-02-05
1,N Mopac Expy Svrd Sb & W Anderson Ln,Traffic Hazard,30.361209,-97.745268,2017-12-01
2,W William Cannon Dr & Brodie Ln,Crash Service,30.213794,-97.830349,2018-01-23
3,1800 E Stassney Ln,Traffic Hazard,30.196998,-97.760701,2018-01-24
4,2453 E SH 71 SVRD WB,Crash Service,30.213473,-97.659149,2017-12-15
5,N Ih 35 Svrd Sb & E Cesar Chavez St,zSTALLED VEHICLE,30.261230,-97.736767,2017-10-18
6,1700-1930 W Dittmar Rd,Traffic Impediment,30.185598,-97.812579,2017-10-18
7,4310 Bee Caves Rd,COLLISION,30.285479,-97.812326,2017-10-18
8,0 N Mopac Nb At Mopac Railro Trn,Traffic Hazard,30.401971,-97.728792,2017-10-18
9,700-717 E 5th St,Crash Service,30.265218,-97.736408,2017-10-18
10,7806-7899 Woodrow Ave,Crash Urgent,30.352207,-97.723261,2017-10-18
11,7900-7999 N MOPAC EXPY SVRD NB,Traffic Hazard,30.361598,-97.743869,2017-10-18
12,9210 Cameron Rd,Crash Service,30.348984,-97.676554,2017-10-18
13,Jollyville Rd & Barrington Way,Crash Service,30.433105,-97.768612,2017-10-18
14,12239-12251 Harris Branch Pkwy,Crash Service,30.367675,-97.613282,2017-10-18
15,4306 Deepwoods Dr,Crash Urgent,30.366144,-97.768990,2017-10-18
16,2525 W Anderson Ln,Crash Service,30.356893,-97.732475,2017-10-18
17,9900 Research Blvd Sb,Traffic Hazard,30.391170,-97.746028,2017-10-18
18,W Us 290 Hwy Svrd Wb & Stearns Ln,Traffic Hazard,30.233998,-97.811051,2017-10-18
19,20711 POSTOAK PKWY,LOOSE LIVESTOCK,30.277203,-97.488897,2017-10-18
20,5812 N Ih 35 Svrd Sb,Crash Service,30.318916,-97.707671,2017-10-18
21,0 Northland To Mopac Sb Ramp,Traffic Hazard,30.335718,-97.756033,2017-10-18
22,Burleson Rd & Emma Browning Ave,Crash Service,30.173174,-97.670556,2017-10-18
23,Banton Rd & Manor Rd,Traffic Impediment,30.286035,-97.708016,2017-10-18
24,E 290 Wb To Ih 35 Sb Ramp & N Ih 35 Sb,Traffic Hazard,30.315994,-97.707815,2017-10-18
25,16000-blk N Ih 35 Sb,TRFC HAZD/ DEBRIS,30.457232,-97.666753,2017-10-18
26,1200-1651 N MOPAC EXPY NB,Traffic Hazard,30.287305,-97.762739,2017-10-18
27,1800 S Ih 35 Nb,zSTALLED VEHICLE,30.240063,-97.737311,2017-10-18
28,13600-14124 N Sh 130 Sb,COLLISION WITH INJURY,30.386399,-97.579158,2017-10-18
29,9010 Collinfield Dr,Crash Urgent,30.362706,-97.704478,2017-10-18
30,7300 N Ih 35 Nb,Crash Urgent,30.334124,-97.703111,2017-10-18
31,W HOWARD LN & AVENUE N,COLLISION,30.430895,-97.684754,2017-10-18
32,1700-1944 E William Cannon Dr,Traffic Hazard,30.189086,-97.767282,2017-10-18
33,4800 N Ih 35 Nb,Traffic Hazard,30.306805,-97.711942,2017-10-18
34,1700-1930 W Dittmar Rd,Traffic Hazard,30.185655,-97.812974,2017-10-18
35,6501-6505 MC KINNEY FALLS PKWY,Traffic Impediment,30.171646,-97.722126,2017-10-18
36,6814 POINT NORTH DR,COLLISN/ LVNG SCN,30.307980,-97.638149,2017-10-18
37,5100 S Ih 35 Svrd Sb,zSTALLED VEHICLE,30.204364,-97.759817,2018-02-24
38,6200-BLK DECKER LN,COLLISION WITH INJURY,30.28824,-97.629906,2018-02-23
39,Shoreline Dr & Burnet Rd,TRFC HAZD/ DEBRIS,30.46065,-97.694703,2018-02-23
40,10800-11525 Fm 2222 Rd,Traffic Hazard,30.403618,-97.853968,2018-02-23
41,E Riverside Dr & Alameda Dr,Crash Urgent,30.250713,-97.740508,2018-02-23
42,Northland Dr & N Mopac Expy Svrd Sb,Crash Urgent,30.336785,-97.755956,2018-02-24
43,11431-11749 E Us 290 Hwy Eb,COLLISN/ LVNG SCN,30.3491,-97.546552,2018-02-09
44,1000 BRAZOS ST,Crash Service,30.271429,-97.740083,2018-02-09
45,10610 Salt Mill Hollow,Crash Urgent,30.454027,-97.807615,2018-02-05
46,Northland Dr & N Mopac Nb To Northland Ramp,Crash Urgent,30.335529,-97.753726,2018-02-05
47,S 1st St & W Riverside Dr,Traffic Hazard,30.259758,-97.749276,2018-02-05
48,1720 W Wells Branch Pkwy,COLLISION/PRIVATE PROPERTY,30.438559,-97.672417,2018-01-23
49,300-325 E Ben White Blvd Eb,Traffic Hazard,30.221358,-97.761355,2018-01-23
50,601 E St Johns Ave,Traffic Impediment,30.333592,-97.705852,2018-01-23
51,N Mopac Expy Nb & Research Nb To Mopac Nb Ramp,Traffic Hazard,30.385016,-97.735336,2018-01-23
52,8100-8106 E Parmer Ln,TRFC HAZD/ DEBRIS,30.353247,-97.593778,2018-01-23
53,8600 RESEARCH BLVD NB,Crash Urgent,30.361761,-97.716934,2018-01-23
54,Lavaca St & W Martin Luther King Jr Blvd,Traffic Impediment,30.281328,-97.740508,2018-01-23
55,Smith Rd & Ed Bluestein Blvd Sb,Traffic Impediment,30.259359,-97.675469,2018-01-23
56,13300-13750 Avery Ranch Blvd,Traffic Hazard,30.490362,-97.799948,2018-01-23
57,1826 Logans Hollow Dr,COLLISION,30.309317,-97.79585,2018-01-23
58,8613-9115 E Us 290 Hwy Eb,Traffic Hazard,30.328568,-97.655336,2018-01-23
59,9200 Research Blvd Sb,Traffic Hazard,30.377134,-97.734377,2018-01-23
60,4600-blk E Sh 71 Eb,COLLISION,30.187045,-97.602676,2018-01-23
61,1100 W Cesar Chavez St,zSTALLED VEHICLE,30.267707,-97.758001,2018-01-24
62,10323 E Us 290 Hwy Svrd Eb,COLLISION,30.345789,-97.572906,2018-01-23
63,5715 Mesa Dr,Traffic Hazard,30.342324,-97.769983,2018-01-23
64,W William Cannon Dr & W Us 290 Hwy,Traffic Hazard,30.234061,-97.864779,2018-01-23
65,11220 N IH 35 SVRD SB,Crash Service,30.376405,-97.676945,2018-01-23
66,4200 N Ih 35 Upper Deck Nb,Traffic Hazard,30.299486,-97.716512,2018-01-23
67,9213 WILLIAMSON RD,LOOSE LIVESTOCK,30.02992,-97.702708,2018-01-23
68,0 S Ih 35 Sb To Ben White Ramp,Traffic Hazard,30.217427,-97.751952,2018-01-23
70,9221-9423 W Parmer Ln,Traffic Hazard,30.479402,-97.766233,2017-12-15
71,10100 S Ih 35 Nb,Traffic Hazard,30.153569,-97.791287,2017-12-15
72,6800-7525 Daffan Ln,COLLISION,30.319609,-97.625939,2017-12-15
73,3626-3641 N Fm 620 Rd,COLLISION,30.397588,-97.928142,2017-12-15
74,Brodie Ln & W Us 290 Hwy Svrd Eb,COLLISN/ LVNG SCN,30.232638,-97.818416,2017-12-15
75,Links Ln & Gattis School Rd,COLLISION,30.497179,-97.600287,2017-12-15
76,Lake Creek Pkwy & N Us 183 Hwy Svrd Nb,Traffic Hazard,30.461425,-97.793557,2017-12-15
77,5400 N Mopac Expy Sb,Traffic Hazard,30.334109,-97.755853,2017-12-15
78,5900 N Ih 35 Sb,Traffic Hazard,30.321069,-97.707077,2017-12-15
79,W Us 290 Hwy & Scenic Brook Dr,TRFC HAZD/ DEBRIS,30.232239,-97.901849,2017-12-15
80,14000-14237 Fitzhugh Rd,COLLISION,30.242683,-98.010475,2017-12-15
81,2504-3046 W Parmer Ln,Traffic Hazard,30.419324,-97.702578,2017-12-01
82,3900 N Mopac Expy Nb,Traffic Hazard,30.313207,-97.756612,2017-12-01
83,0 E 290 WB TO ANDERSON WB RAMP,Crash Urgent,30.326476,-97.673088,2017-12-01
84,1511 E 6th St,Crash Service,30.263146,-97.726779,2017-12-01
85,E Ben White Blvd Svrd Eb & Burleson Rd To Station,Traffic Hazard,30.213286,-97.723268,2017-12-01
86,S Sh 130 Svrd Sb & S Us 183 Hwy Nb,COLLISION,30.082358,-97.691962,2017-12-01
87,11300 N Ih 35 Nb,Crash Service,30.378395,-97.675163,2017-12-01
88,Burnet Rd & Shoreline Dr,TRFC HAZD/ DEBRIS,30.46065,-97.694703,2017-12-01
89,N Mopac Sb To Cesar Ch Eb Ramp & W Cesar Chavez St,Traffic Impediment,30.275642,-97.767780,2017-10-13
90,2241 S Ih 35 Svrd Nb,Crash Service,30.233752,-97.740365,2017-10-18
91,S Lexington St & E Brenham St,TRFC HAZD/ DEBRIS,30.3376637,-97.5584922,2017-09-28
92,12120 Manchaca Rd,TRFC HAZD/ DEBRIS,30.141991,-97.832953,2017-10-16
93,11600-12225 FM 969 RD,COLLISION,30.2569113,-97.6116119,2017-09-30
94,21200-blk FM 1431 RD,COLLISION,30.485034,-97.976409,2017-10-14
95,3000-3010 Perry Ln,Traffic Impediment,30.3242546,-97.7542368,2017-10-09
96,4400-4708 E Ben White Blvd Wb,Traffic Hazard,30.215463,-97.7349646,2017-09-27
97,W Rundberg Ln & N Lamar Blvd,Crash Service,30.3631457,-97.6970285,2017-10-06
98,6317 E Ben White Blvd Svrd Eb,Crash Service,30.2118617,-97.7117034,2017-10-03
99,N Fm 620 Rd & Comanche Trl,COLLISION WITH INJURY,30.3943497,-97.8691306,2017-09-26
100,10200 S Ih 35 Sb,Traffic Hazard,30.1532196,-97.791965,2017-10-01
101,E Us 290 Hwy Svrd Eb & Ed Bluestein Blvd Svrd Nb,Crash Urgent,30.3252061,-97.6720748,2017-09-30
102,8600-8819 S 1ST ST,Traffic Impediment,30.174380,-97.798900,2017-10-13
103,6900 N Fm 620 Rd,Crash Urgent,30.4023614,-97.8548259,2017-10-03
104,5606-6222 E Ben White Blvd Wb,Traffic Hazard,30.212378,-97.711810,2017-10-14
105,14230-14276 FM 2769 RD,TRFC HAZD/ DEBRIS,30.4383948,-97.8827051,2017-09-30
106,11800 Dessau Rd,Crash Service,30.377284,-97.658729,2017-10-13
107,7200 E Ben White Blvd Eb,Traffic Impediment,30.215557,-97.698939,2017-10-16
108,14834-14940 N IH 35 SVRD SB,Crash Urgent,30.4416986,-97.6689582,2017-10-05
109,2300 Parker Ln,Traffic Hazard,30.232315,-97.736888,2017-10-13
110,1016 Camino La Costa,Crash Service,30.3257808,-97.7015295,2017-10-10
111,5900-6500 N MOPAC EXPY NB,Traffic Hazard,30.340460,-97.753546,2017-10-13
112,Hog Eye Rd & Decker Ln,zSTALLED VEHICLE,30.286226,-97.631192,2017-10-13
113,S Ih 35 Svrd Sb & E Stassney Ln,Traffic Impediment,30.1986937,-97.7644953,2017-09-28
114,933 S Mopac Expy Nb,Traffic Hazard,30.2656971,-97.782255,2017-09-29
115,11000 N Ih 35 Nb,Crash Urgent,30.3742279,-97.6784163,2017-09-28
116,5502-5629 N Lamar Blvd,Crash Service,30.323774,-97.727723,2017-10-13
117,Western Trails Blvd & Frontier Trl,Crash Urgent,30.2301551,-97.7953175,2017-09-29
118,8832-8924 Burnet Rd,Crash Service,30.372729,-97.726673,2017-10-16
119,5200 N Capital Of Texas Hwy Sb,Traffic Hazard,30.3501159,-97.7969365,2017-09-29
120,2205-2525 S Lakeshore Blvd,Traffic Impediment,30.242596,-97.717457,2017-10-16
121,10617-10911 N FM 620 RD,COLLISION,30.4456087,-97.8320874,2017-10-05
122,9315 Northgate Blvd,Traffic Impediment,30.372089,-97.715521,2017-10-14
123,N Mopac Expy Sb & Northland To Mopac Sb Ramp,Traffic Hazard,30.334109,-97.755853,2017-10-15
124,10625 N LAMAR BLVD,Crash Service,30.3757261,-97.6897954,2017-09-29
125,E 51st St & N Ih 35 Svrd Sb,zSTALLED VEHICLE,30.3101624,-97.7113124,2017-09-28
126,10206 N Ih 35 Svrd Sb,Crash Service,30.366927,-97.682932,2017-10-16
127,Lakeline Blvd & W Parmer Ln,Crash Urgent,30.4879587,-97.7713383,2017-10-03
128,W Parmer Ln & Metric Blvd,Crash Service,30.4132377,-97.6905898,2017-09-28
129,W William Cannon Dr & S 1st St,Crash Urgent,30.197108,-97.787848,2017-10-14
130,Chestnut Ave & Manor Rd,Traffic Hazard,30.2844577,-97.7181848,2017-10-01
131,14609-14853 N MOPAC TOLL TO N MOPAC NB,COLLISN/ LVNG SCN,30.452743,-97.696083,2017-10-16
132,Alta Vista Ave & E Riverside Dr,Crash Urgent,30.2501242,-97.7396736,2017-10-03
133,6101-6315 W Parmer Ln,COLLISION,30.4438527,-97.7425268,2017-10-09
134,Fm 1327 Rd & Bradshaw Rd,COLLISION,30.112775,-97.785290,2017-10-15
135,W Oltorf St & S 1st St,Traffic Hazard,30.2421165,-97.7596299,2017-10-06
136,Manchaca Rd & Glen Allen,Crash Service,30.240846,-97.782181,2017-10-13
137,2500-3134 Scofield Ridge Pkwy,Crash Urgent,30.429843,-97.696817,2017-10-14
138,Scotland Well Dr & Spicewood Springs Rd,Traffic Hazard,30.422533,-97.7936209,2017-09-26
139,Parker Ln & Fawn Dr,Traffic Impediment,30.235967,-97.734548,2017-10-15
140,0 N Mopac Sb To Waters Park Ramp,Traffic Hazard,30.417754,-97.705515,2017-10-13
141,14709 Reynero Ln,LOOSE LIVESTOCK,30.0893956,-97.6437964,2017-09-27
142,12200 FM 969 RD,COLLISION WITH INJURY,30.254120,-97.605291,2017-10-15
143,6407 Springdale Rd,Crash Service,30.3065976,-97.6698457,2017-10-06
144,700 W Anderson Ln Wb,Traffic Hazard,30.347863,-97.712496,2017-10-12
145,525 N LAMAR BLVD,Crash Urgent,30.2714839,-97.7539327,2017-10-03
146,Cameron Rd & Ferguson Ln,Crash Urgent,30.345813,-97.677475,2017-10-15
147,2400-2513 S Congress Ave,Crash Urgent,30.2387516,-97.753618,2017-09-28
148,Connie St & Three Points Rd,TRFC HAZD/ DEBRIS,30.4540729,-97.6669692,2017-09-27
149,8947 FM 2244 RD,COLLISN/ LVNG SCN,30.3181878,-97.8638168,2017-09-28
150,10500-10825 Thaxton Rd,LOOSE LIVESTOCK,30.121006,-97.742887,2017-10-12
151,12800-12808 N FM 620 RD SB,Traffic Hazard,30.466788,-97.804189,2017-10-15
152,9800-blk S Us 183 Hwy,TRFC HAZD/ DEBRIS,30.107487,-97.694708,2017-10-17
153,4701 Spicewood Springs Rd,Crash Service,30.3755878,-97.7622111,2017-09-29
154,12200-12257 N Ih 35 Svrd Nb,Crash Urgent,30.398905,-97.672930,2017-10-17
155,11100-11610 S Mopac Expy Sb,Traffic Hazard,30.1810308,-97.8825225,2017-10-04
156,Techni Center Dr & Ed Bluestein Blvd Nb,Traffic Hazard,30.276050,-97.667914,2017-10-13
157,Wickersham Ln & E Riverside Dr,Traffic Hazard,30.2323884,-97.7204162,2017-09-30
158,W 29th St & N Lamar Blvd,Traffic Impediment,30.2981401,-97.7484801,2017-09-30
159,9501-9609 W PARMER LN,Crash Urgent,30.482684,-97.767969,2017-10-14
160,209 W 14th St,Crash Service,30.2764571,-97.7417605,2017-09-26
161,4900 N Ih 35 Nb,Traffic Hazard,30.307696,-97.711366,2017-10-17
162,2901-2959 S LAKELINE BLVD,Crash Urgent,30.476859,-97.807199,2017-10-15
163,1310-1319 W 24TH ST,Traffic Hazard,30.2885158,-97.7516354,2017-10-03
164,E 6th St & Sabine St,zSTALLED VEHICLE,30.266176,-97.736127,2017-10-14
165,S SH 45 E WB TO FM 1625 RAMP & FM 1625 RD,TRFC HAZD/ DEBRIS,30.0843038,-97.7351869,2017-09-29
166,13631-13815 N Sh 45 W Eb,Crash Urgent,30.4737071,-97.7792374,2017-10-03
167,7900-7999 N Mopac Expy Svrd Nb,Crash Service,30.362543,-97.743504,2017-10-16
168,E 5th St & Congress Ave,Crash Urgent,30.2671238,-97.7431786,2017-09-28
169,N Fm 620 Rd Nb & Pecan Park Blvd,Traffic Hazard,30.465985,-97.803950,2017-10-14
170,12600-12730 Research Blvd Sb,Traffic Hazard,30.4306319,-97.7626581,2017-10-05
171,6578-6596 W William Cannon Dr,Traffic Impediment,30.2392125,-97.8617405,2017-10-09
172,9000 S Ih 35 Sb,Crash Service,30.1653507,-97.7873763,2017-09-29
173,4411 Spicewood Springs Rd,Crash Service,30.3731324,-97.7587329,2017-10-02
174,30 N Ih 35 Svrd Sb,Crash Service,30.253943,-97.736871,2017-10-17
175,1100 N Ih 35 Sb,Crash Urgent,30.27062,-97.7333447,2017-09-29
176,7000 S Mopac Expy Sb,zSTALLED VEHICLE,30.2171157,-97.8406011,2017-09-30
178,11100-11209 E US 290 HWY EB,TRFC HAZD/ DEBRIS,30.2200917,-97.9590093,2017-09-29
179,Elroy Rd & Fagerquist Rd,LOOSE LIVESTOCK,30.141990,-97.616151,2017-10-12
180,1101 S Capital Of Texas Hwy Nb,COLLISION,30.282667,-97.822319,2017-10-13
181,N Fm 620 Rd & Concordia University Dr,Crash Urgent,30.421932,-97.845022,2017-10-15
182,N Lamar Blvd & W Longspur Blvd,Crash Urgent,30.3673656,-97.6945943,2017-10-08
183,Craigwood Dr & Fm 969 Rd,Crash Service,30.284725,-97.659822,2017-10-14
184,611 S Congress Ave,Crash Service,30.2556609,-97.7473838,2017-09-28
185,E 5th St & Trinity St,Traffic Hazard,30.2661372,-97.7396849,2017-10-02
186,MAXA DR & GREENBURY DR,TRFC HAZD/ DEBRIS,30.351016,-97.530153,2017-10-14
187,4600-5221 Ed Bluestein Blvd Nb,Crash Urgent,30.281978,-97.6665736,2017-10-06
188,Northland Dr & Louise Ln,Crash Service,30.334956,-97.752591,2017-10-14
189,11950 Jollyville Rd,Traffic Hazard,30.4258881,-97.7580417,2017-09-28
190,11801-11907 Anderson Mill Rd,Traffic Impediment,30.455599,-97.826737,2017-10-14
191,N Lamar Blvd & W 34th St,Traffic Hazard,30.3027058,-97.7447182,2017-09-29
192,12301-12315 Dessau Rd,Crash Service,30.387009,-97.6484578,2017-10-02
193,Fm 969 Rd & Regency Dr,Crash Service,30.285070,-97.661974,2017-10-13
194,5775 Airport Blvd,Crash Service,30.322046,-97.714268,2017-10-14
195,S Lamar Blvd Svrd Sb & S Capital Of Texas Hwy Svrd Nb,Crash Urgent,30.234597,-97.7960056,2017-09-30
196,13330 Fm 969 Rd,COLLISION WITH INJURY,30.2510902,-97.5934668,2017-10-01
197,1934-1950 W William Cannon Dr,Traffic Impediment,30.2027469,-97.8055244,2017-09-27
198,N Ih 35 Svrd Sb & E 51st St,Crash Service,30.310157,-97.711305,2017-10-15
199,Harrisglenn Dr & Bauhaus Bnd,Traffic Impediment,30.4084989,-97.6406269,2017-10-01
200,4400-4447 N FM 620 RD,TRFC HAZD/ DEBRIS,30.3874094,-97.90578,2017-09-28
201,1808-1902 E Stassney Ln,Traffic Hazard,30.195949,-97.759186,2017-10-13
202,6900 N Mopac Expy Sb,Crash Urgent,30.351308,-97.749183,2017-10-14
203,8919 Research Blvd Svrd Nb,Crash Service,30.371009,-97.720804,2017-10-17
204,Metric Blvd & Cedar Bend Dr,Crash Service,30.408278,-97.6969906,2017-09-28
205,9000-9240 S SH 45 E WB,COLLISION,30.0855708,-97.738617,2017-09-29
206,0 E Mlk To Ih 35 Ud Nb Ramp,Crash Urgent,30.280824,-97.728261,2017-10-13
207,13985-14075 N US 183 HWY SVRD NB,Traffic Hazard,30.4734278,-97.798294,2017-09-27
208,Woodward St & E Ben White Blvd Svrd Wb,Traffic Hazard,30.2166099,-97.7440106,2017-09-28
209,W Slaughter Ln & Manchaca Rd,zSTALLED VEHICLE,30.173742,-97.8237345,2017-10-06
210,2400-2451 N Mopac Expy Nb,Traffic Hazard,30.2567025,-97.8012229,2017-09-29
211,14063-14635 N 183a Hwy Nb,Traffic Hazard,30.4787429,-97.8016204,2017-10-05
212,2000 N IH 35 SVRD NB,Traffic Impediment,30.280543,-97.728103,2017-10-15
213,1653-2327 N Mopac Expy Nb,Traffic Hazard,30.288253,-97.762076,2017-10-16
214,Old Manchaca Rd & Riddle Rd,Traffic Impediment,30.1731638,-97.8306735,2017-09-27
215,5100 N Ih 35 Sb,Crash Urgent,30.3101942,-97.7113741,2017-09-27
216,9000-9809 Blocker Ln,COLLISN/ LVNG SCN,30.1212927,-97.6681124,2017-10-07
217,Chalmers Ave & Willow St,Crash Service,30.2569209,-97.7270816,2017-10-03
218,900-999 RED RIVER ST,Crash Service,30.270141,-97.735809,2017-10-12
219,14200-14217 N Fm 620 Rd Nb,Traffic Hazard,30.4769181,-97.7648811,2017-10-03
220,718-725 E 12th St,Traffic Hazard,30.271849,-97.732358,2017-10-14
221,9415 North Creek Dr,Crash Service,30.360379,-97.691584,2017-10-17
222,8400 N IH 35 SB,Traffic Hazard,30.3470036,-97.6953868,2017-10-05
223,Sprinkle Cutoff Rd & Sprinkle Rd,TRFC HAZD/ DEBRIS,30.3522965,-97.647572,2017-09-29
224,E Us 290 Hwy Eb & Lexington St,TRFC HAZD/ DEBRIS,30.348861,-97.555963,2017-10-17
225,5800-6324 E Parmer Ln,Traffic Impediment,30.4395835,-97.7390208,2017-10-09
226,Alvin Devane Blvd & E Ben White Blvd Svrd Wb,Traffic Hazard,30.2137402,-97.7204241,2017-09-28
227,S Lamar Blvd & W Riverside Dr,Traffic Impediment,30.2645306,-97.7571131,2017-10-09
228,0 Research Sb To Mopac Nb Ramp,Traffic Hazard,30.381135,-97.736268,2017-10-13
229,Decker Ln & Loyola Ln,Crash Urgent,30.291240,-97.627952,2017-10-16
230,3500-3599 E Sh 71 Svrd Wb,Crash Urgent,30.1977839,-97.6306563,2017-10-04
231,4107 Medical Pkwy,Crash Urgent,30.3102347,-97.7425525,2017-09-29
232,1515 S Ih 35 Svrd Nb,Traffic Hazard,30.2424003,-97.735521,2017-09-28
233,1300-1399 Newfield Ln,Crash Service,30.2835079,-97.764493,2017-09-30
234,4501-4637 SOUTHWEST PKWY,Traffic Hazard,30.239917,-97.831561,2017-10-13
235,10500-10628 Sprinkle Cutoff Rd,COLLISION,30.3524421,-97.6475535,2017-10-06
236,0 N MOPAC SB TO WATERS PARK RAMP,Traffic Hazard,30.418357,-97.705250,2017-10-13
237,18900-19109 Blake Manor Rd,COLLISION WITH INJURY,30.284430,-97.519213,2017-10-13
238,1901 E 51st St,Traffic Hazard,30.3017729,-97.6960193,2017-10-04
239,S Capital Of Texas Hwy Nb & Scottish Woods Trl,Traffic Hazard,30.277537,-97.819543,2017-10-12
240,E Anderson Ln Wb & N Ih 35 Nb To Anderson Wb Ramp,zSTALLED VEHICLE,30.34267,-97.7036216,2017-09-27
241,6200 N Ih 35 Sb,Traffic Hazard,30.323455,-97.706746,2017-10-14
242,5604 Southwest Pkwy,Traffic Hazard,30.244958,-97.843503,2017-10-15
243,N Ih 35 Svrd Nb & E Braker Ln,Traffic Hazard,30.3769542,-97.6755904,2017-10-03
244,3177 Eva St,Traffic Hazard,30.203885,-97.638176,2017-10-15
245,4001-4229 W Parmer Ln,Traffic Hazard,30.425840,-97.716162,2017-10-16
246,9300-9499 NORTHGATE BLVD,Traffic Impediment,30.372241,-97.715425,2017-10-17
247,1300 W Parmer Ln,zSTALLED VEHICLE,30.4092575,-97.6819344,2017-09-29
248,S 1st St & W William Cannon Dr,Traffic Hazard,30.1971021,-97.7878296,2017-09-30
249,500 E 7th St,Traffic Hazard,30.2677487,-97.7378736,2017-09-27
250,501 E Koenig Ln Svrd Eb,Crash Service,30.320653,-97.715920,2017-10-13
251,4000 Cima Serena,Traffic Impediment,30.376617,-97.751768,2017-10-16
252,E Us 290 Hwy Svrd Eb & Decker Ln,Traffic Hazard,30.3344604,-97.6074083,2017-09-27
253,5800 S Ih 35 Sb,Traffic Hazard,30.1969472,-97.7655666,2017-09-26
254,Royal Hill Dr & Mulford Cv,Traffic Impediment,30.227580,-97.742634,2017-10-17
255,13600-14228 GREGG MANOR RD,LOOSE LIVESTOCK,30.3781877,-97.5833019,2017-10-06
256,3500 Susquehanna Ln,Crash Urgent,30.313135,-97.665108,2017-10-15
257,5720 MC NEIL DR,COLLISION WITH INJURY,30.447212,-97.731838,2017-10-17
258,Central Commerce Dr & Grand Avenue Pkwy,COLLISION,30.4559598,-97.659936,2017-10-03
259,S MOPAC EXPY SB & BARTON SKWY TO MOPAC SB RAMP,Traffic Hazard,30.2603032,-97.7945688,2017-10-05
260,100-222 E Riverside Dr,Traffic Hazard,30.2572156,-97.7468675,2017-09-29
261,W Slaughter Ln & Manchaca Rd,Traffic Impediment,30.173742,-97.8237345,2017-10-06
262,2000-2200 W Braker Ln,Traffic Hazard,30.3924474,-97.70828,2017-10-03
263,1800-1817 San Jacinto Blvd,Crash Service,30.279725,-97.735801,2017-10-16
264,800-898 S Mopac Expy Svrd Sb,Traffic Hazard,30.2671996,-97.7808755,2017-09-27
265,6008 Marigold Ter,Traffic Impediment,30.2311504,-97.7042247,2017-10-01
266,7200-7232 W US 290 HWY WB,Traffic Hazard,30.232314,-97.876806,2017-10-13
267,S Ih 35 Sb & E Ben White Eb To S 35 Sb Ramp,Crash Urgent,30.2090076,-97.7560234,2017-10-01
268,W 25th St & Guadalupe St,Crash Urgent,30.288762,-97.741461,2017-10-15
269,5150 E Sh 71 Eb,COLLISION,30.1869627,-97.5589314,2017-10-02
270,13609-13749 N Us 183 Hwy Nb,Traffic Hazard,30.459683,-97.793199,2017-10-16
271,600-1625 S Sh 130 Nb,COLLISION WITH INJURY,30.2368152,-97.6172488,2017-10-03
272,5701 W Slaughter Ln,Crash Service,30.2009076,-97.8669715,2017-09-27
274,1415 S Congress Ave,Crash Service,30.2492459,-97.7497564,2017-10-06
275,Mopac To Research Sb Ramp & Research Blvd Sb,Traffic Hazard,30.374162,-97.728645,2017-10-12
276,11800 S Ih 35 Sb,Crash Urgent,30.1298708,-97.8002579,2017-10-09
277,S Mopac Expy Nb & William Cannon To Mopa Nb Ramp,Traffic Hazard,30.2239775,-97.833419,2017-10-03
278,5510 S Ih 35 Svrd Sb,Crash Service,30.200677,-97.762771,2017-10-14
279,11000-11004 Pecan Park Blvd,Traffic Impediment,30.465989,-97.803950,2017-10-14
280,Pascal Ln & N Capital Of Texas Hwy Nb,Traffic Hazard,30.3154594,-97.8260571,2017-10-04
281,6801-7011 River Place Blvd,Crash Service,30.398794,-97.844999,2017-10-17
282,3300 Bee Caves Rd,COLLISION/PRIVATE PROPERTY,30.274971,-97.801126,2017-10-09
283,Teri Rd & S Ih 35 Svrd Nb,zSTALLED VEHICLE,30.205430,-97.757853,2017-10-14
284,7600 S Mopac Expy Nb,Traffic Hazard,30.215993,-97.851267,2017-10-16
285,11500 S Ih 35 Sb,Traffic Hazard,30.1345553,-97.7984368,2017-10-02
286,100-103 S LAMAR BLVD,Traffic Impediment,30.266438,-97.756290,2017-10-12
287,10901 Research Blvd Svrd Nb,Crash Service,30.4014693,-97.7452949,2017-09-29
288,E Ben White Eb To S 35 Sb Ramp & S Ih 35 Sb,zSTALLED VEHICLE,30.209743,-97.755679,2017-10-16
289,23800 Pedernales Canyon Trl,COLLISN/ LVNG SCN,30.381464,-98.095086,2017-10-16
291,6400-6625 S Mopac Expy Svrd Nb,Traffic Hazard,30.220495,-97.835669,2017-10-14
292,4900 W Us 290 Hwy Svrd Wb,zSTALLED VEHICLE,30.2338016,-97.8153787,2017-09-29
293,14028 N Us 183 Hwy Svrd Sb,Crash Urgent,30.476099,-97.800765,2017-10-12
294,8600 N Lamar Blvd,Crash Service,30.354524,-97.704068,2017-10-16
295,96-97 S 1st St,Traffic Hazard,30.2619783,-97.7484084,2017-10-07
296,Central Commerce Dr & W Pecan St,TRFC HAZD/ DEBRIS,30.448869,-97.656096,2017-10-13
297,9111 Fm 812 Rd,COLLISION WITH INJURY,30.161124,-97.686563,2017-10-14
298,3960 WESTLAKE DR,COLLISION,30.3282562,-97.7842077,2017-09-27
299,9600-9799 S Us 183 Hwy,COLLISION WITH INJURY,30.112252,-97.694922,2017-10-15
300,7302-7325 N Fm 620 Rd,Traffic Hazard,30.4063601,-97.8526886,2017-10-06
301,1800 E Stassney Ln,Crash Service,30.1970729,-97.7607071,2017-09-30
302,1-149 Airport Blvd,Traffic Hazard,30.245956,-97.690287,2017-10-16
303,8400 S Ih 35 Sb,Traffic Hazard,30.1672479,-97.7861609,2017-10-01
304,900 W 38th St,Traffic Impediment,30.305090,-97.742826,2017-10-16
305,9700-10026 Anderson Mill Rd,Crash Service,30.4481746,-97.7927453,2017-10-10
306,2500-2614 E ANDERSON LN WB,Traffic Hazard,30.327046,-97.675084,2017-10-15
307,6602-6767 W Us 290 Hwy,Traffic Hazard,30.234036,-97.864935,2017-10-17
308,W Dittmar Rd & Manchaca Rd,Crash Urgent,30.1859323,-97.8163136,2017-10-07
309,9011-9099 RESEARCH BLVD NB,Traffic Hazard,30.372309,-97.724363,2017-10-12
310,Gaston Place Dr & Wheless Ln,Crash Urgent,30.311715,-97.685280,2017-10-16
311,6200 N Ih 35 Nb,Traffic Hazard,30.3237706,-97.7073191,2017-09-29
312,0-0 E Ben White To Ih 35 Nb Ramp,Traffic Hazard,30.219283,-97.757317,2017-10-17
313,3501 Mount Bonnell Rd,Crash Urgent,30.3170034,-97.7741796,2017-10-03
314,5515 Davis Ln,Traffic Hazard,30.2076149,-97.8683127,2017-09-28
315,5002 Suburban Dr,Traffic Impediment,30.208683,-97.768064,2017-10-11
316,1615 Parker Ln,Traffic Impediment,30.2397612,-97.7318966,2017-09-29
317,5315 ED BLUESTEIN BLVD NB,Crash Service,30.290339,-97.664018,2017-10-13
318,3101 - 3501 S IH 35 NB,Traffic Hazard,30.223376,-97.747173,2017-10-15
319,11600 Research Blvd Svrd Nb,zSTALLED VEHICLE,30.4156105,-97.7467215,2017-10-09
320,7200-7399 N Ih 35 Svrd Nb,Crash Urgent,30.334935,-97.702262,2017-10-12
321,W 27th St & Guadalupe St,Crash Urgent,30.2919901,-97.7411612,2017-10-06
322,1901 N Lamar Blvd,Crash Service,30.2836725,-97.7520622,2017-09-30
323,Stewart Rd & N Fm 620 Rd,COLLISION WITH INJURY,30.3743176,-97.9471337,2017-10-04
324,10210-11156 Research Blvd Sb,Traffic Hazard,30.3950384,-97.7466265,2017-10-02
325,2000 N Ih 35 Nb,Traffic Hazard,30.281708,-97.728028,2017-10-14
326,8706 FM 812 RD,COLLISION,30.1633723,-97.6910825,2017-09-30
327,1000 S Mopac Expy Nb,Traffic Hazard,30.2650166,-97.7852229,2017-09-29
328,1701 W Pecan St,COLLISION WITH INJURY,30.447452,-97.638995,2017-10-12
329,408 W 15TH ST,Crash Service,30.278061,-97.743389,2017-10-17
330,Metric Blvd & Gracy Farms Ln,Crash Urgent,30.3982854,-97.7044428,2017-09-28
331,14028 N Us 183 Hwy Svrd Sb,Crash Urgent,30.476099,-97.800765,2017-10-12
332,E Parmer Ln & Dessau Rd,Crash Urgent,30.387004,-97.648592,2017-10-17
333,E Howard Ln & Dessau Rd,Crash Urgent,30.4036563,-97.6384383,2017-09-29
334,0 N 183 Nb At Anderson Mill Trn,Traffic Hazard,30.447873,-97.789764,2017-10-13
335,Lamplight Village Ave & W Parmer Ln,zSTALLED VEHICLE,30.415821,-97.695888,2017-10-17
336,1400 E 7th St,Traffic Hazard,30.264657,-97.727993,2017-10-14
337,11000 Fm 2222 Rd,Crash Service,30.3966315,-97.8487281,2017-09-26
338,3105 N Ih 35 Svrd Nb,Crash Service,30.288916,-97.723142,2017-10-12
339,S Lamar Blvd & Barton Skwy,Traffic Hazard,30.243652,-97.782360,2017-10-13
340,911 Westlake Dr,COLLISN/ LVNG SCN,30.2920427,-97.7987843,2017-09-27
341,Fm 969 Rd & N Fm 973 Rd,COLLISION,30.2570025,-97.611826,2017-09-28
342,6915 Carver Ave,Crash Urgent,30.328730,-97.700545,2017-10-15
343,S Mopac Expy Svrd Nb & William Cannon To Mopa Nb Ramp,Crash Urgent,30.2216915,-97.8348708,2017-09-29
344,0 W Braker To Research Sb Ramp,Traffic Hazard,30.3964428,-97.746622,2017-10-05
345,1005-1031 E 32nd St,Crash Urgent,30.289620,-97.724132,2017-10-17
346,Minda Dr & Eubank Dr,Crash Service,30.3869969,-97.6874718,2017-10-03
347,14910 Fm 1825 Rd,Traffic Hazard,30.4420657,-97.6659237,2017-09-28
348,8800-8919 Rocky Creek Blvd,COLLISION,30.2903964,-98.0336487,2017-10-01
349,9807-9881 E Us 290 Hwy Eb,Traffic Hazard,30.3346566,-97.6072288,2017-09-28
350,S 6th St & Brodie St,Traffic Impediment,30.247109,-97.7641837,2017-10-07
351,9500 N Ih 35 Svrd Sb,Traffic Hazard,30.359992,-97.687357,2017-10-11
352,E Riverside Dr & Wickersham Ln,Crash Urgent,30.232393,-97.720396,2017-10-16
353,629 W Ben White Blvd Svrd Eb,Crash Service,30.226762,-97.770805,2017-10-17
354,0 W PARMER TO IH 35 SB RAMP,Traffic Hazard,30.4030303,-97.6752311,2017-10-04
355,7800-7912 CAMERON RD,Traffic Hazard,30.333898,-97.685561,2017-10-14
356,Jesse E Segovia St & Robert T Martinez Jr St,Traffic Impediment,30.2496721,-97.723667,2017-09-29
357,N Lamar Blvd & Masterson Pass,Crash Service,30.371177,-97.692387,2017-10-15
358,101-115 E SLAUGHTER LN,Traffic Hazard,30.1670071,-97.786952,2017-09-30
359,3007 Michoacan Dr,Crash Urgent,30.206494,-97.637035,2017-10-15
360,21900-blk W Sh 71,TRFC HAZD/ DEBRIS,30.364937,-98.070510,2017-10-12
361,2302 E 2nd St,Crash Service,30.2561246,-97.7187766,2017-10-09
362,8301-8519 LOYOLA LN,Traffic Hazard,30.2928438,-97.6315764,2017-10-05
363,110 E 2nd St,Crash Service,30.264137,-97.743544,2017-10-15
364,800-1314 Ed Bluestein Blvd Sb,Traffic Hazard,30.2508925,-97.6846093,2017-09-30
365,8700 Research Blvd Sb,Traffic Hazard,30.3646135,-97.7180397,2017-10-02
366,300 W Howard Ln,Traffic Impediment,30.418887,-97.659644,2017-10-16
367,14100 Mc Neil Rd,TRFC HAZD/ DEBRIS,30.4539975,-97.723598,2017-09-26
368,N Sh 130 Svrd Nb & N 130 Nb At Gattis School Trn,TRFC HAZD/ DEBRIS,30.499856,-97.580590,2017-10-15
369,11700 Research Blvd Nb,Traffic Hazard,30.4180634,-97.7469196,2017-09-28
370,E Dean Keeton St & Red River St,Crash Service,30.2871718,-97.7267502,2017-09-27
371,Northcrest Blvd & Prince Dr,Crash Service,30.3416207,-97.707525,2017-10-07
372,5200 N Ih 35 Svrd Sb,Traffic Hazard,30.311027,-97.710911,2017-10-14
373,E Howard Ln & Harris Branch Pkwy,Crash Urgent,30.3780944,-97.6084275,2017-10-01
374,14008 Shadowglen Blvd,COLLISION WITH INJURY,30.3494257,-97.5465429,2017-10-06
375,4343 N LAMAR BLVD,zSTALLED VEHICLE,30.2334631,-97.7971755,2017-10-02
376,5509-5516 Mount Bonnell Rd,Traffic Impediment,30.3392968,-97.7779863,2017-10-03
377,6700-7425 Ed Bluestein Blvd Nb,Traffic Hazard,30.310033,-97.661541,2017-10-16
378,0 290 Wb To Ed Bluestein Sb Ramp,Traffic Impediment,30.327804,-97.665992,2017-10-13
379,1100 N Mopac Expy Sb,Traffic Hazard,30.2835699,-97.7657038,2017-10-06
380,5900-6500 N Mopac Expy Sb,Traffic Hazard,30.343030,-97.752702,2017-10-15
381,5900-6214 E BEN WHITE BLVD SVRD WB,Traffic Hazard,30.2135507,-97.7177042,2017-10-01
382,Fm 812 Rd & S Us 183 Hwy Nb,COLLISION,30.164182,-97.692911,2017-10-12
383,Airport Blvd & Shady Ln,Crash Service,30.259314,-97.693619,2017-10-14
384,1710 Eva St,Crash Service,30.246805,-97.7520584,2017-10-04
385,5401-5439 W Parmer Ln,Traffic Impediment,30.4344419,-97.7318402,2017-09-29
387,10301-10629 Manchaca Rd,Traffic Hazard,30.164732,-97.829280,2017-10-16
388,W SH 71 & SOUTHWEST PKWY,COLLISION,30.275436,-97.914203,2017-10-17
389,Mc Kinney Falls Pkwy & E William Cannon Dr,COLLISN/ LVNG SCN,30.163223,-97.7258392,2017-10-01
390,5000-blk Mc Kinney Falls Pkwy,COLLISION,30.189695,-97.711550,2017-10-13
391,E Braker Ln & Shropshire Blvd,Traffic Hazard,30.3772953,-97.6586693,2017-10-03
392,4100 N IH 35 UPPER DECK NB,Traffic Hazard,30.2992705,-97.7171107,2017-10-06
393,7400 Burleson Rd,Traffic Impediment,30.1941387,-97.7007407,2017-09-28
394,LITTIG RD & OLD HWY 20,TRFC HAZD/ DEBRIS,30.3348937,-97.5108773,2017-09-28
395,13200-13811 Fm 969 Rd,COLLISION,30.251387,-97.595288,2017-10-13
396,8300 S Ih 35 Sb,Crash Urgent,30.1675636,-97.7859564,2017-10-01
397,Maybelle Ave & W 45th St,Crash Service,30.314905,-97.7405678,2017-10-03
398,1000-1099 Reinli St,Crash Service,30.318152,-97.706463,2017-10-12
399,3400-3730 ED BLUESTEIN BLVD SB,Traffic Hazard,30.269599,-97.669777,2017-10-14
400,11700-11719 Dessau Rd,Traffic Hazard,30.3768241,-97.6591036,2017-10-04
401,8500 Georgian Dr,Crash Urgent,30.351081,-97.700756,2017-10-16
402,Metric Blvd & Boyer Blvd,Traffic Hazard,30.383894,-97.713346,2017-10-17
403,0 N Cap Tx Sb To Researc Sb Ramp,Traffic Hazard,30.388879,-97.746546,2017-10-12
404,9600 Research Blvd Nb,Crash Urgent,30.388312,-97.744274,2017-10-13
405,8800 Research Blvd Sb,Traffic Hazard,30.3667378,-97.7184801,2017-09-28
406,16721 TREVIN CV,COLLISION,30.3368417,-97.5508136,2017-10-01
407,S Us 183 Hwy & Fm 1327 Rd,COLLISION,30.093375,-97.693864,2017-10-14
408,11000 S Ih 35 Nb,Traffic Hazard,30.1412473,-97.7958759,2017-10-03
409,Carl Rd & Fm 1327 Rd,COLLISION WITH INJURY,30.100403,-97.756262,2017-10-18
410,6000 S Ih 35 Sb,Traffic Hazard,30.196213,-97.766048,2017-10-12
411,4100-4150 S Congress Ave,Crash Urgent,30.2224757,-97.7642547,2017-10-01
412,700-721 W Braker Ln,Traffic Hazard,30.381794,-97.686146,2017-10-13
413,7300 N Ih 35 Nb,Crash Urgent,30.3347082,-97.7035038,2017-09-29
414,9527-9643 Research Blvd Svrd Nb,Traffic Hazard,30.387705,-97.7431816,2017-10-03
415,Harrisglenn Dr & E Parmer Ln,Crash Urgent,30.399548,-97.654923,2017-10-17
416,800-899 S Capital Of Texas Hwy Nb,Traffic Hazard,30.2911009,-97.8285109,2017-10-02
417,1700 N Ih 35 Sb,Traffic Hazard,30.276731,-97.730806,2017-10-13
418,900-919 SPRINGDALE RD,Crash Urgent,30.260961,-97.698508,2017-10-16
419,5800 N Ih 35 Svrd Sb,Crash Service,30.3187563,-97.7077504,2017-09-28
420,7113 Thannas Way,Crash Urgent,30.177564,-97.757246,2017-10-16
421,14016 N Fm 620 Rd Sb,Crash Service,30.4761923,-97.7671153,2017-10-02
422,1701 Perez St,Traffic Hazard,30.2831493,-97.6927339,2017-09-28
424,4743-5049 N Sh 45 E Eb,COLLISION WITH INJURY,30.477194,-97.600234,2017-10-13
425,600 S Mopac Expy Sb,Traffic Hazard,30.2689488,-97.777127,2017-09-28
426,500-599 Oakland Ave,Crash Service,30.273461,-97.761150,2017-10-16
427,E Wells Branch Pkwy & Killingsworth Ln,COLLISION WITH INJURY,30.4174821,-97.6128257,2017-09-28
428,16100-16330 W SH 71,TRFC HAZD/ DEBRIS,30.318216,-97.994474,2017-10-12
429,6300 S IH 35 SB,Traffic Hazard,30.1933134,-97.7688411,2017-10-04
430,S 1st St & W Ben White Blvd Svrd Wb,Crash Urgent,30.226880,-97.769241,2017-10-13
431,11900-12036 N Ih 35 Svrd Sb,Traffic Hazard,30.1297717,-97.8006418,2017-10-03
432,N Us 183 Hwy Svrd Sb & S Lakeline Blvd,Crash Urgent,30.479426,-97.803295,2017-10-14
433,709 E BEN WHITE BLVD SVRD EB,Crash Service,30.2183427,-97.7560648,2017-10-01
434,0 N Mopac Sb To Parmer Wb Ramp,Crash Urgent,30.420988,-97.704557,2017-10-17
435,18015 FM 1100 RD,COLLISION,30.3664635,-97.4170402,2017-10-06
436,Barbara Jordan Blvd & N Ih 35 Svrd Nb,Crash Service,30.3075563,-97.7111898,2017-10-09
437,14600 N Ih 35 Sb,Traffic Hazard,30.4375454,-97.6697384,2017-10-02
438,7017-7123 N IH 35 SVRD NB,Traffic Impediment,30.1857159,-97.7732934,2017-09-28
439,Burnet Rd & W Braker Ln,Traffic Hazard,30.392347,-97.725626,2017-10-15
440,9300 N Ih 35 Nb,Traffic Hazard,30.358084,-97.687999,2017-10-17
441,12709 N Mopac Expy Svrd Nb,Traffic Impediment,30.4243766,-97.7022467,2017-10-01
442,Hether St & S Lamar Blvd,Crash Service,30.249404,-97.767435,2017-10-16
443,9200-BLK CALERA DR,TRFC HAZD/ DEBRIS,30.1482042,-97.8931896,2017-09-28
444,1601 E Slaughter Ln,COLLISN/ LVNG SCN,30.152924,-97.769415,2017-10-16
445,W William Cannon Dr & West Gate Blvd,Traffic Hazard,30.2072064,-97.8153982,2017-10-06
446,14600-14901 Fm 1825 Rd,Traffic Hazard,30.440977,-97.666224,2017-10-13
447,400 W Ben White Blvd Eb,Crash Urgent,30.2256235,-97.7676145,2017-10-04
448,11800 STONEHOLLOW DR,Crash Urgent,30.4002542,-97.7084183,2017-09-28
449,11700-11719 Dessau Rd,Traffic Hazard,30.376840,-97.659017,2017-10-16
450,Riata Vista Cir & Riata Trace Pkwy,Crash Urgent,30.432007,-97.738656,2017-10-17
451,4100-4114 Fm 2222 Rd,Traffic Hazard,30.3414002,-97.7702198,2017-10-06
452,5900 Manor Rd,Traffic Hazard,30.3065452,-97.6800816,2017-09-27
453,12712-12925 Pearce Ln,Crash Urgent,30.1694393,-97.6229927,2017-10-03
454,1500-blk Wild Basin Ledge,TRFC HAZD/ DEBRIS,30.308588,-97.804885,2017-10-13
455,7200-7633 N Capital Of Texas Hwy Nb,Traffic Hazard,30.374447,-97.782187,2017-10-17
456,2800-2876 Shoal Crest Ave,Traffic Hazard,30.2957212,-97.7481203,2017-10-01
457,4316 James Casey St,Crash Service,30.222682,-97.775572,2017-10-16
458,7300 Fm 2222 Rd,Traffic Hazard,30.371727,-97.803334,2017-10-17
459,2100-2199 Shoalmont Dr,Traffic Impediment,30.33013,-97.739945,2017-10-10
460,9600-10551 N Mopac Expy Nb,Traffic Hazard,30.389777,-97.734145,2017-10-17
461,Helms St & E 32nd St,Traffic Impediment,30.2960731,-97.7356666,2017-09-29
462,E 6th St & N Ih 35 Svrd Nb,Crash Service,30.2656413,-97.7342097,2017-10-07
463,7709 E Ben White Blvd Svrd Eb,Traffic Hazard,30.2182734,-97.6899232,2017-09-26
464,1100 Vasquez St,Crash Urgent,30.230720,-97.693991,2017-10-13
465,6800 Southwest Pkwy,Crash Service,30.252162,-97.860751,2017-10-14
466,11900-11925 S Mopac Expy Nb,Traffic Hazard,30.4083404,-97.7180555,2017-09-27
467,10061-10107 E Us 290 Hwy Eb,Traffic Hazard,30.3410379,-97.5890218,2017-09-28
468,TORO CANYON RD & STONE CANYON DR,COLLISION WITH INJURY,30.312442,-97.795304,2017-10-17
469,2409 S Congress Ave,Crash Service,30.2385805,-97.7536093,2017-10-02
470,Mc Cann Dr & Research Blvd Svrd Sb,Crash Service,30.373970,-97.728905,2017-10-12
471,E 11th St & Trinity St,Crash Urgent,30.2717684,-97.7375722,2017-10-01
472,0 E Yager Ln & E Parmer Ln,TRFC HAZD/ DEBRIS,30.372491,-97.625103,2017-10-14
473,1900 - 1922 N IH 35 SVRD SB,Traffic Hazard,30.278684,-97.730438,2017-10-17
474,3909 N Ih 35 Svrd Nb,Crash Service,30.2963226,-97.7182968,2017-09-29
475,2000 W Ben White Blvd Eb,Traffic Hazard,30.2302973,-97.7885161,2017-10-10
476,6316 Thomas Springs Rd,COLLISN/ LVNG SCN,30.2600058,-97.9094436,2017-10-10
477,100-623 N MOPAC EXPY SB,Traffic Hazard,30.2737633,-97.7719907,2017-09-29
478,DUNGAN LN & BROWN LN,COLLISION WITH INJURY,30.3499499,-97.6702343,2017-10-01
480,12001 Dessau Rd,Crash Service,30.3792483,-97.6541729,2017-09-28
481,2814-2922 W Anderson Ln,Traffic Impediment,30.3591259,-97.7369454,2017-10-03
482,E Riverside Dr & Grove Blvd,Crash Urgent,30.2270301,-97.7079338,2017-10-06
483,Ed Bluestein Blvd Nb & Hudson St,Crash Urgent,30.268937,-97.6698169,2017-10-01
484,7000 N Ih 35 Nb,Crash Urgent,30.331980,-97.704366,2017-10-12
486,W 5th St & Guadalupe St,Crash Service,30.268093,-97.746633,2017-10-14
487,W 29th St & Guadalupe St,Traffic Impediment,30.2954342,-97.7428245,2017-09-29
488,9500 N Mopac Expy Nb,Traffic Hazard,30.3830911,-97.7364902,2017-10-05
490,7200-7639 N Mopac Expy Nb,Traffic Hazard,30.357016,-97.745885,2017-10-13
491,1144 Airport Blvd,Crash Urgent,30.2719233,-97.6974882,2017-10-02
492,0 E Riverside Wb To 35 Nb Ramp,Traffic Hazard,30.248921,-97.735167,2017-10-13
493,E Slaughter Ln & S Ih 35 Svrd Nb,Traffic Hazard,30.1670369,-97.7849917,2017-09-29
494,1400 E ANDERSON LN SVRD WB,Crash Urgent,30.3346821,-97.6900474,2017-09-27
495,E US 290 HWY EB & N FM 973 RD,COLLISION,30.3492794,-97.5386125,2017-10-02
496,6033 Turnersville Rd,LOOSE LIVESTOCK,30.068195,-97.730788,2017-10-12
497,4700 N IH 35 SB,Traffic Hazard,30.3055081,-97.7132745,2017-09-29
498,2521-2525 Matthews Dr,Traffic Impediment,30.304745,-97.776663,2017-10-13
499,5200 N Mopac Expy Nb,Traffic Hazard,30.331445,-97.7559649,2017-10-02
500,5700-6225 S Mopac Expy Nb,Traffic Hazard,30.2286675,-97.8292249,2017-09-28
501,8001 Research Blvd Svrd Nb,Crash Urgent,30.3507529,-97.7131775,2017-10-02
502,9916-9996 E Us 290 Hwy Wb,Traffic Hazard,30.337561,-97.5994228,2017-09-27
503,7585 BURLESON MANOR RD,LOOSE LIVESTOCK,30.2625122,-97.5261598,2017-10-10
504,600-1025 W Ben White Blvd Eb,Traffic Hazard,30.2268168,-97.7694581,2017-09-28
505,GREGG MANOR RD & RECTOR LOOP,COLLISION,30.363279,-97.562984,2017-10-15
506,W Parmer Ln & Scofield Farms Dr,Traffic Hazard,30.4113623,-97.6867144,2017-09-30
507,9500 Fm 2222 Rd,zSTALLED VEHICLE,30.389103,-97.826296,2017-10-17
508,1401 FRATE BARKER RD,Traffic Impediment,30.1496858,-97.8332711,2017-09-28
509,13400-13934 Pearce Ln,LOOSE LIVESTOCK,30.163713,-97.611120,2017-10-15
510,S Fm 973 Rd & Garden Grove Dr,COLLISION,30.2253308,-97.6319292,2017-10-04
511,Woodrow Ave & Houston St,Traffic Impediment,30.326388,-97.7344668,2017-10-03
512,Barton Springs Rd & Stratford Dr,Traffic Hazard,30.2670669,-97.7707225,2017-10-04
513,S Sh 130 Sb & Harold Green To S 130 Sb Ramp,TRFC HAZD/ DEBRIS,30.2214671,-97.6228316,2017-10-06
514,3000 N Mopac Expy Nb,Traffic Hazard,30.304675,-97.758115,2017-10-13
515,13812-13822 N Ih 35 Svrd Sb,Crash Urgent,30.1021832,-97.8123125,2017-09-27
516,11500-12000 N Mopac Expy Nb,Traffic Hazard,30.403766,-97.726550,2017-10-12
517,Scofield Ridge Pkwy & N Mopac Expy Svrd Sb,Crash Urgent,30.4308203,-97.7012245,2017-09-27
518,Jones Rd & Manchaca Rd,Crash Urgent,30.220758,-97.794068,2017-10-15
519,8679 N US 183 HWY NB,COLLISION,30.1285001,-97.6957845,2017-10-08
520,2500 W PARMER LN,Traffic Impediment,30.419014,-97.702193,2017-10-16
521,W SH 71 & SOUTHWEST PKWY,TRFC HAZD/ DEBRIS,30.275436,-97.914203,2017-10-17
522,14800 N Mopac Expy Sb,COLLISION,30.4535152,-97.6970504,2017-09-28
523,Bee Creek Rd & W Sh 71,COLLISION,30.331500,-98.024524,2017-10-16
524,Bee Creek Rd & W Sh 71,COLLISION,30.331500,-98.024524,2017-10-16
525,7300 N Ih 35 Svrd Nb,Crash Urgent,30.333789,-97.702964,2017-10-12
526,6805 Boyce Ln,Traffic Impediment,30.359044,-97.606044,2017-10-17
527,5401 N Ih 35 Svrd Nb,Crash Service,30.311775,-97.708678,2017-10-17
528,4100-4238 Airport Blvd,Traffic Hazard,30.2941493,-97.7080287,2017-09-28
529,5101-5149 Cameron Rd,Traffic Hazard,30.3090864,-97.7097036,2017-10-04
530,3300-3649 N Mopac Expy Nb,Traffic Hazard,30.307235,-97.757572,2017-10-12
531,0 Winsted To Mopac Sb Ramp,Crash Urgent,30.279775,-97.768627,2017-10-13
532,MC KINNEY FALLS PKWY & S US 183 HWY NB,Traffic Hazard,30.1983031,-97.6841242,2017-09-28
533,Mc Callen Pass & E Parmer Ln,Crash Urgent,30.405249,-97.663949,2017-10-17
534,11602-12004 N MOPAC EXPY SB,Traffic Impediment,30.1762349,-97.8867693,2017-10-10
535,SOUTHWEST PKWY,TRFC HAZD/ DEBRIS,30.277956,-97.899577,2017-10-14
536,1400 S Ih 35 Sb,Traffic Hazard,30.244959,-97.735037,2017-10-14
537,11400 Research Blvd Sb,Traffic Hazard,30.4101898,-97.7454756,2017-09-29
538,11400 Research Blvd Sb,Crash Urgent,30.411521,-97.745608,2017-10-13
539,4600-5221 Ed Bluestein Blvd Nb,Traffic Hazard,30.281978,-97.6665736,2017-10-05
540,1-901 S Ih 35 Nb,Traffic Hazard,30.250482,-97.735793,2017-10-17
541,E Braker Ln & N Ih 35 Svrd Sb,Crash Service,30.3771296,-97.6764897,2017-10-05
542,E ANDERSON LN SVRD WB & RIDGEPOINT DR,Crash Urgent,30.328779,-97.677277,2017-10-17
543,1100 W Cesar Chavez St,Crash Service,30.2678068,-97.7580311,2017-10-02
544,9900 S Ih 35 Svrd Sb,Crash Urgent,30.156647,-97.790886,2017-10-14
545,609 W Slaughter Ln,Crash Service,30.1730074,-97.8003782,2017-10-03
546,601 Barton Springs Rd,Crash Service,30.258382,-97.750067,2017-10-13
547,11300 Research Blvd Sb,Traffic Hazard,30.409016,-97.7453818,2017-09-30
548,611 W Ben White Blvd Svrd Eb,Crash Service,30.2263569,-97.7701313,2017-09-29
549,707 W Milton St,Crash Urgent,30.2487933,-97.757246,2017-10-04
550,12509 N Lamar Blvd,Crash Service,30.407932,-97.678162,2017-10-15
551,W 24th St & Guadalupe St,Crash Service,30.2877241,-97.7415578,2017-10-01
552,E CESAR CHAVEZ ST & TILLERY ST,Crash Urgent,30.2517111,-97.7087842,2017-09-26
553,W US 290 HWY & CIRCLE DR,COLLISION,30.2234767,-97.952983,2017-10-07
554,2500-2520 HELEN MILTON SMITH WAY,Crash Urgent,30.377364,-97.725453,2017-10-16
555,9400-10239 W Sh 71,TRFC HAZD/ DEBRIS,30.261790,-97.907848,2017-10-17
556,Johnny Morris Rd & Loyola Ln,zSTALLED VEHICLE,30.3002422,-97.6482274,2017-09-28
557,100 N MOPAC EXPY SB,Traffic Hazard,30.2743393,-97.7715535,2017-09-28
558,N Ih 35 Svrd Sb & E Koenig Ln Svrd Wb,Crash Service,30.322463,-97.707423,2017-10-13
559,Lexington St & E Us 290 Hwy Eb,TRFC HAZD/ DEBRIS,30.3488707,-97.555968,2017-10-02
560,8000 N MOPAC EXPY NB,Crash Urgent,30.362395,-97.743950,2017-10-16
561,900-1127 BASTROP HWY NB,Crash Urgent,30.230585,-97.6835251,2017-09-28
562,5420-6115 Blue Goose Rd,VEHICLE FIRE,30.348149,-97.626471,2017-10-14
563,100 Little Texas Ln,zSTALLED VEHICLE,30.2023981,-97.7751941,2017-09-27
564,1600 W HOWARD LN,COLLISION,30.4268721,-97.6766594,2017-09-29
565,West Lynn St & W 5th St,Crash Urgent,30.2737122,-97.7633259,2017-10-01
566,9100-9210 S 1st St,Traffic Impediment,30.171652,-97.800613,2017-10-15
567,11300 S Ih 35 Nb,Traffic Hazard,30.1376429,-97.797498,2017-09-27
568,W Martin Luther King Jr Blvd & N Lamar Blvd,Traffic Impediment,30.283615,-97.752116,2017-10-15
569,W Parmer Ln & N Ih 35 Svrd Nb,Traffic Hazard,30.4078695,-97.6739585,2017-10-01
570,0 W 6th Wb To Lake Austin Ramp,Crash Urgent,30.276875,-97.7689702,2017-10-05
571,9900-9985 E Us 290 Hwy Svrd Eb,Traffic Hazard,30.3368025,-97.6024239,2017-09-27
572,N Ih 35 Nb To Airport Ramp & Airport Blvd,Traffic Hazard,30.301303,-97.714594,2017-10-13
573,400 Congress Ave,zSTALLED VEHICLE,30.266209,-97.743496,2017-10-13
574,S 1st St & W Riverside Dr,Crash Service,30.2597634,-97.7492833,2017-09-29
575,Thurman Bend Rd & Skyline Dr,COLLISION,30.4076931,-98.0197433,2017-09-29
576,W Sh 71 & Southwest Pkwy,TRFC HAZD/ DEBRIS,30.275436,-97.914203,2017-10-17
577,10211-11149 Research Blvd Nb,Traffic Hazard,30.3950279,-97.7461912,2017-09-27
579,2616 W 49th St,Crash Service,30.3228249,-97.7476563,2017-09-28
580,0 N Ih 35 Svrd Sb At E 51st Trn,Traffic Hazard,30.3098324,-97.7104619,2017-10-01
581,Dessau Rd & E Parmer Ln,Traffic Hazard,30.3870092,-97.6485476,2017-10-03
582,8400-8615 S IH 35 SVRD NB,Crash Urgent,30.1730274,-97.7826352,2017-10-09
583,4500 Southwest Pkwy,Crash Service,30.240185,-97.8302838,2017-10-06
584,W Slaughter Ln & S Ih 35 Svrd Sb,Crash Service,30.167070,-97.786925,2017-10-14
585,E 53rd St & Cameron Rd,zSTALLED VEHICLE,30.31071,-97.708071,2017-09-28
586,2300-2548 N Mopac Expy Sb,Traffic Hazard,30.297323,-97.758708,2017-10-15
587,W Slaughter Ln & Manchaca Rd,Traffic Hazard,30.173742,-97.8237345,2017-10-05
588,3100-3501 S Ih 35 Nb,Traffic Hazard,30.2261842,-97.7461681,2017-10-09
589,E Riverside Dr & Wickersham Ln,Crash Service,30.232393,-97.720396,2017-10-14
590,16107 WHARF CV,BOAT ACCIDENT,30.4420364,-97.9128138,2017-10-02
591,S CONGRESS AVE & W ANNIE ST,Crash Urgent,30.246098,-97.7509739,2017-10-07
592,6601 Bluff Springs Rd,Traffic Impediment,30.1891434,-97.7678451,2017-10-06
593,4727-4925 E BEN WHITE BLVD SVRD EB,Crash Service,30.214061,-97.7298968,2017-10-09
594,11100-11223 N Lamar Blvd,Crash Urgent,30.3796406,-97.6877094,2017-09-30
595,1221 S IH 35 SVRD NB,Crash Service,30.2450106,-97.7345305,2017-09-29
596,Alice Mae Ln & W Slaughter Ln,Traffic Impediment,30.1675624,-97.793062,2017-09-29
597,2931 E 12TH ST,Crash Service,30.276050,-97.705542,2017-10-15
598,11805 N Fm 620 Rd,Crash Service,30.4580923,-97.8229808,2017-09-29
599,9001 S IH 35 SVRD NB,Crash Service,30.1670004,-97.7849393,2017-10-06
600,Guadalupe St & W 38th St,Crash Service,30.3027464,-97.7381543,2017-09-30
601,13000 N Mopac Expy Sb,Traffic Hazard,30.4353882,-97.6996124,2017-10-02
602,7600 Fm 969 Rd,Crash Urgent,30.2808577,-97.6479093,2017-10-03
603,15608 Spring Hill Ln,COLLISION WITH INJURY,30.445246,-97.651347,2017-10-16
604,7600 Loyola Ln,Crash Service,30.2962108,-97.6379265,2017-10-01
605,2059-2099 S Lamar Blvd,Crash Urgent,30.248392,-97.770031,2017-10-13
606,Gilbert Rd & Fm 969 Rd,COLLISION WITH INJURY,30.2514623,-97.5956508,2017-09-28
607,Metric Blvd & Cedar Bend Dr,Traffic Impediment,30.408278,-97.6969906,2017-09-29
608,Red River St & E 38th Half St,Crash Urgent,30.296542,-97.723143,2017-10-14
609,N Mopac Expy Nb & N Cap Tx To Mopac Nb Ramp,Traffic Hazard,30.3937649,-97.7330704,2017-10-01
610,3400 Exposition Blvd,Traffic Impediment,30.3093957,-97.7629109,2017-09-29
611,11701 Metric Blvd,Crash Urgent,30.3974671,-97.7047947,2017-10-05
612,11700 Research Blvd Sb,Crash Urgent,30.420689,-97.747350,2017-10-13
613,1000 E 41st St,Crash Service,30.2982317,-97.7191953,2017-10-06
614,1100 Guadalupe St,Crash Urgent,30.2737642,-97.7446356,2017-09-27
615,N Ih 35 Svrd Sb & Grand Avenue Pkwy,COLLISION,30.45599,-97.6669717,2017-09-28
616,9300-blk Fm 2244 Rd,COLLISION,30.316337,-97.872415,2017-10-16
617,10046-10050 E Us 290 Hwy Svrd Wb,Crash Service,30.3411737,-97.5907147,2017-10-04
618,W Parmer Ln & Mc Neil Dr,COLLISION,30.4438544,-97.7423987,2017-09-28
619,9400 N Ih 35 Svrd Sb,Crash Urgent,30.358424,-97.688558,2017-10-16
620,500-599 W Oltorf St,Traffic Hazard,30.2414205,-97.7580028,2017-09-29
621,7852-8501 Fm 2222 Rd,Crash Urgent,30.379732,-97.807485,2017-10-13
622,FM 969 RD & N FM 973 RD,COLLISION WITH INJURY,30.256997,-97.611818,2017-10-17
623,E Lane Ave & N La Grange St,TRFC HAZD/ DEBRIS,30.3464641,-97.5542837,2017-09-29
624,8800 S Ih 35 Sb,Crash Urgent,30.168877,-97.785014,2017-10-14
625,Steck Ave & Shoal Creek Blvd,zSTALLED VEHICLE,30.3663555,-97.7386462,2017-10-04
626,9304-9808 Fm 969 Rd,COLLISION WITH INJURY,30.269325,-97.627513,2017-10-12
627,Swenson Farms Blvd & W Pecan St,COLLISION WITH INJURY,30.445939,-97.633671,2017-10-17
628,13800-13982 N Us 183 Hwy Sb,Traffic Hazard,30.4647746,-97.795718,2017-10-08
629,E Stassney Ln & Ponciana Dr,Traffic Impediment,30.1950692,-97.7581607,2017-09-28
630,1323-1400 W Parmer Ln,Crash Urgent,30.409288,-97.682333,2017-10-16
631,6094 TECHNI CENTER DR,Traffic Hazard,30.2761098,-97.6684608,2017-09-28
632,W 16th St & Guadalupe St,Crash Urgent,30.278862,-97.742602,2017-10-12
633,9345 E Us 290 Hwy Svrd Eb,Crash Service,30.3290513,-97.6421358,2017-10-02
634,908 W Martin Luther King Jr Blvd,Crash Service,30.2834489,-97.7477401,2017-09-28
635,12400-12422 N MOPAC EXPY SB,Traffic Hazard,30.419689,-97.704684,2017-10-12
636,5600 N Ih 35 Nb,Traffic Hazard,30.3164346,-97.7080432,2017-10-01
637,Atlanta St & Lake Austin Blvd,Crash Urgent,30.277217,-97.770483,2017-10-15
638,6300 S Congress Ave,Crash Service,30.1979652,-97.7768836,2017-09-29
639,1115 Reagan Ter,Traffic Hazard,30.244535,-97.739144,2017-10-16
640,12300 N Ih 35 Svrd Nb,zSTALLED VEHICLE,30.3985647,-97.6735762,2017-10-06
641,13800-13982 N Us 183 Hwy Sb,Traffic Hazard,30.470651,-97.798023,2017-10-16
642,E Martin Luther King Jr Blvd & Chestnut Ave,Crash Urgent,30.280438,-97.717271,2017-10-17
643,Berkman Dr & Briarcliff Blvd,Crash Service,30.3141,-97.6925092,2017-10-02
644,2001-2099 W Slaughter Ln,Crash Urgent,30.1736799,-97.8237389,2017-10-09
645,16604 Easybend Dr,TRFC HAZD/ DEBRIS,30.2503066,-97.5553119,2017-10-02
646,1100-1112 TRACI MICHELLE DR,COLLISN/ LVNG SCN,30.438779,-97.657876,2017-10-13
647,9907-9929 BRODIE LN,Traffic Hazard,30.184638,-97.849035,2017-10-17
648,S Us 183 Hwy Sb & Fm 812 Rd,COLLISION,30.164182,-97.692911,2017-10-17
649,9700 N Capital Of Texas Hwy Sb,Traffic Hazard,30.3904076,-97.7428262,2017-09-28
650,W 15th St & N Lamar Nb To W 15th Eb Ramp,Crash Urgent,30.2796463,-97.7492383,2017-09-27
651,E 41st St & N Ih 35 Svrd Sb,Traffic Impediment,30.297656,-97.718117,2017-10-12
652,Burnet Rd & Longhorn Blvd,Crash Urgent,30.380013,-97.724878,2017-10-14
653,901 E Cesar Chavez St,Crash Service,30.2608576,-97.7355416,2017-09-29
654,S IH 35 SVRD SB & E BEN WHITE BLVD SVRD WB,Traffic Impediment,30.2170257,-97.7518095,2017-09-29
655,E Cesar Chavez St & Red River St,Traffic Hazard,30.2617875,-97.7387998,2017-10-09
656,11925-12033 E US 290 HWY EB,COLLISION,30.349090,-97.542362,2017-10-17
657,9000 S Ih 35 Sb,Crash Urgent,30.1653507,-97.7873763,2017-09-29
658,1607 Nelms Dr,Crash Service,30.193014,-97.765890,2017-10-14
659,1209 Luna St,Crash Service,30.2785853,-97.6907787,2017-09-29
660,400-459 S Capital Of Texas Hwy Nb,TRFC HAZD/ DEBRIS,30.298231,-97.827798,2017-10-15
661,Cameron Rd & Park Center Dr,Crash Service,30.338769,-97.682315,2017-10-16
662,Guadalupe St & W 23rd St,Crash Urgent,30.286489,-97.741685,2017-10-17
663,TERI RD & S IH 35 SVRD NB,Crash Urgent,30.2054356,-97.757861,2017-09-30
664,8800 S Ih 35 Nb,Crash Urgent,30.169067,-97.784582,2017-10-15
665,Stratford Dr & Lou Neff Rd,Traffic Impediment,30.269103,-97.770338,2017-10-16
666,Riata Vista Cir & Legendary Dr,Crash Urgent,30.4373022,-97.7359652,2017-10-08
667,400 Colorado St,Crash Service,30.266569,-97.744811,2017-10-13
668,712 E Huntland Dr,Crash Urgent,30.3302147,-97.7063993,2017-09-28
669,E Parmer Ln & Samsung Blvd,Traffic Impediment,30.3760067,-97.6317214,2017-10-06
670,8800-8817 Johnny Morris Rd,TRFC HAZD/ DEBRIS,30.3220373,-97.630746,2017-10-06
671,1701-1931 E Parmer Ln,Traffic Hazard,30.386625,-97.648100,2017-10-13
672,2400 S Mopac Expy Nb,Traffic Hazard,30.2567025,-97.8012229,2017-10-02
673,9200 Research Blvd Sb,Traffic Hazard,30.377583,-97.735101,2017-10-14
674,2000-2099 Crownspoint Dr,Crash Service,30.1777714,-97.8215421,2017-09-30
675,E Anderson Ln Wb & N Ih 35 Nb To Anderson Wb Ramp,Traffic Hazard,30.34267,-97.7036216,2017-10-06
676,2400 S Ih 35 Sb,Traffic Hazard,30.231772,-97.742455,2017-10-14
677,8654-8988 S Ih 35 Svrd Sb,Crash Urgent,30.1702536,-97.7844761,2017-10-03
678,5900-6500 N Mopac Expy Sb,Traffic Hazard,30.340665,-97.753865,2017-10-12
679,N Ih 35 Svrd Sb & W Howard Ln,Crash Urgent,30.4244707,-97.6718997,2017-10-08
680,100 E Oltorf St,Crash Service,30.238795,-97.753554,2017-10-16
681,Vargas Rd & Bastrop Hwy Nb,Crash Urgent,30.2398059,-97.6882221,2017-10-02
682,4732 Twin Valley Dr,Traffic Impediment,30.351060,-97.781462,2017-10-12
683,1120-1208 E BRAKER LN,Traffic Hazard,30.384839,-97.6926322,2017-09-28
684,801 E William Cannon Dr,Crash Service,30.1908686,-97.7718347,2017-10-01
685,3819 Southway Dr,Crash Urgent,30.2312567,-97.7759451,2017-10-09
686,8100 Wexford Dr,Crash Urgent,30.427191,-97.777419,2017-10-15
687,Burnet Rd & W Braker Ln,Traffic Hazard,30.392347,-97.725626,2017-10-17
688,1701 W Koenig Ln,Traffic Impediment,30.3327945,-97.7356977,2017-10-03
689,S Us 183 Hwy Nb & Mc Kinney Falls Pkwy,Traffic Impediment,30.198299,-97.684115,2017-10-17
690,9200-9220 W Parmer Ln,Crash Service,30.4768316,-97.7649114,2017-09-28
691,W 9th St & N Lamar Blvd,Crash Urgent,30.273949,-97.752773,2017-10-12
692,1977 Ed Bluestein Blvd Nb,Traffic Hazard,30.259797,-97.674916,2017-10-15
693,BEE CAVES RD & S CAP TX NB TO BEE CAV WB RAMP,COLLISION,30.2952961,-97.8267554,2017-10-03
694,5400 N Ih 35 Sb,Traffic Hazard,30.3135561,-97.7086866,2017-09-29
695,E 11th St & Red River St,Traffic Hazard,30.2711755,-97.7354557,2017-09-30
697,7619 N Ih 35 Svrd Nb,Crash Service,30.3378365,-97.7001559,2017-09-28
698,W 24th St & Parkway,Crash Service,30.288916,-97.754139,2017-10-13
699,1500-1606 Rutherford Ln,Crash Urgent,30.337337,-97.683206,2017-10-17
700,SHORELINE DR & QUINLEY DR,COLLISION WITH INJURY,30.4573344,-97.6871539,2017-10-04
701,12000 W Us 290 Hwy,COLLISION WITH INJURY,30.210837,-97.969199,2017-10-14
702,401-409 N Lamar Blvd,Traffic Hazard,30.270284,-97.754591,2017-10-14
703,W Sh 71 & Hill Meadow Dr,Crash Urgent,30.239478,-97.879961,2017-10-12
704,10200-10225 Anderson Mill Rd,Crash Urgent,30.4472168,-97.8022882,2017-10-03
705,West Gate Blvd & S Lamar Blvd Svrd Nb,Crash Urgent,30.2319794,-97.8005492,2017-09-28
706,12131-12445 S IH 35 NB,Crash Urgent,30.122813,-97.802691,2017-10-14
707,1100 Guadalupe St,Crash Service,30.2737642,-97.7446356,2017-09-28
708,E Riverside Dr & Montopolis Dr,zSTALLED VEHICLE,30.224925,-97.703433,2017-10-14
709,N Fm 620 Rd Sb & W Parmer Ln,Crash Urgent,30.4768263,-97.7649838,2017-09-28
710,711 W 26th St,Traffic Impediment,30.2906796,-97.7454,2017-10-05
711,1903 Garden St,Traffic Impediment,30.254316,-97.725613,2017-10-17
712,2500-2698 W Wells Branch Pkwy,TRFC HAZD/ DEBRIS,30.441280,-97.687771,2017-10-14
713,8123 Circuit Of The Americas Blvd,Crash Service,30.141478,-97.626553,2017-10-16
714,4800 S Ih 35 Svrd Sb,Crash Service,30.2072396,-97.7577184,2017-10-09
715,6300-7139 E Ben White Blvd Eb,Crash Urgent,30.212456,-97.710975,2017-10-03
716,S Ih 35 Svrd Nb & National Park Blvd,Crash Urgent,30.1551111,-97.7905801,2017-09-29
717,6500 N Ih 35 Nb,zSTALLED VEHICLE,30.326189,-97.706054,2017-10-13
718,Southwest Pkwy & S Mopac Expy Svrd Nb,Traffic Impediment,30.236432,-97.822528,2017-10-15
719,1500-1508 Bastrop Hwy Sb,Traffic Hazard,30.222587,-97.683281,2017-10-16
720,Taft Ln & S 1st St,Traffic Hazard,30.1632892,-97.8007172,2017-09-30
721,1700 Fair Oaks Dr,Traffic Impediment,30.2180472,-97.7920925,2017-09-28
722,Brodie Ln & W Slaughter Ln,Traffic Impediment,30.183523,-97.849809,2017-10-12
723,5200-5499 W Us 290 Hwy Eb,Traffic Hazard,30.2368015,-97.8323265,2017-10-08
724,N Lamar Blvd & Morrow St,Traffic Hazard,30.3439776,-97.7149716,2017-10-03
725,N FM 973 RD & SHADOWGLEN TRCE,COLLISION WITH INJURY,30.3597135,-97.5326205,2017-10-02
726,31-61 N Ih 35 Nb,Traffic Hazard,30.2542301,-97.73648,2017-09-29
727,600 N Mopac Expy Sb,Traffic Hazard,30.277870,-97.768778,2017-10-13
728,11300 S Ih 35 Sb,zSTALLED VEHICLE,30.1376429,-97.797498,2017-09-29
729,S Us 183 Hwy & S Fm 973 Rd,LOOSE LIVESTOCK,30.1154011,-97.6951028,2017-09-28
730,Farmhaven Rd & Harris Branch Pkwy,Crash Urgent,30.3525987,-97.6159387,2017-09-29
731,5605 Springdale Rd,Crash Urgent,30.299454,-97.674037,2017-10-13
732,11508-11603 Shakespearean Way,Traffic Impediment,30.431791,-97.777233,2017-10-16
733,11500 N Mopac Expy Sb,Traffic Hazard,30.4040561,-97.7268809,2017-10-03
734,314 E 6th St,Traffic Impediment,30.2672886,-97.7398414,2017-10-06
735,4100 N Ih 35 Sb,Crash Urgent,30.2977073,-97.718169,2017-09-30
736,W Ben White Blvd Svrd Wb & S 1st St,Traffic Hazard,30.2268857,-97.769248,2017-10-03
737,21701-21721 W SH 71,TRFC HAZD/ DEBRIS,30.360476,-98.069093,2017-10-12
738,13600 DESSAU RD,TRFC HAZD/ DEBRIS,30.4047748,-97.6378446,2017-09-29
739,11607 N Lamar Blvd,Crash Urgent,30.3858831,-97.6842789,2017-10-03
740,0 Koenig Wb To Middle Fiskv Ramp,Crash Urgent,30.322009,-97.708414,2017-10-13
741,Ed Bluestein Blvd Sb & Loyola Ln,Crash Service,30.3026359,-97.6609768,2017-10-07
742,13900-14300 N Sh 45 W Wb,Traffic Hazard,30.4755193,-97.7682992,2017-09-28
743,4120-4138 Mc Kinney Falls Pkwy,Traffic Hazard,30.1938846,-97.6963741,2017-09-26
744,1403 Newfield Ln,Crash Urgent,30.2843137,-97.7638358,2017-09-27
745,8700 Manchaca Rd,Crash Urgent,30.1850406,-97.8169534,2017-10-03
746,8516 Shallot Way,Crash Service,30.1746656,-97.789001,2017-09-27
747,N Lamar Blvd & W Rundberg Ln,Traffic Impediment,30.3631457,-97.6970285,2017-10-03
748,E Braker Ln & Walnut Ridge Dr,Traffic Impediment,30.3741196,-97.6698708,2017-10-02
749,900-1015 W Anderson Ln,Crash Urgent,30.3488282,-97.715333,2017-10-04
750,10900-12200 N Ih 35 Svrd Nb,Crash Urgent,30.376649,-97.675782,2017-10-17
751,W 15th St & San Antonio St,Crash Urgent,30.2782245,-97.7440643,2017-09-28
752,5890 Fm 2222 Rd,zSTALLED VEHICLE,30.3605931,-97.7933534,2017-10-07
753,1100 W Cesar Chavez St,Crash Service,30.2678068,-97.7580311,2017-10-07
754,8300 S Ih 35 Sb,Traffic Hazard,30.1675636,-97.7859564,2017-10-08
755,11900-11907 Rosethorn Dr,Traffic Impediment,30.397704,-97.701548,2017-10-14
756,0 E Ben White Eb To S 35 Sb Ramp,Crash Urgent,30.213108,-97.7539045,2017-10-03
757,1100 N Mopac Expy Sb,Traffic Hazard,30.283247,-97.765784,2017-10-16
758,6907 N Capital Of Texas Hwy Nb,Crash Urgent,30.3690452,-97.78841,2017-09-28
759,9900-9912 N Sh 130 Sb,LOOSE LIVESTOCK,30.1056035,-97.6674497,2017-10-04
760,1500 W Oltorf St,zSTALLED VEHICLE,30.248142,-97.769839,2017-10-13
761,15200-15204 N 183a Hwy Sb,Crash Urgent,30.4925701,-97.8029072,2017-10-06
762,Manchaca Rd & Redwater Dr,Traffic Hazard,30.168019,-97.826206,2017-10-12
763,1301-1417 W HOWARD LN,Crash Urgent,30.4244019,-97.6719506,2017-10-01
764,3700 N Ih 35 Sb,zSTALLED VEHICLE,30.294909,-97.719628,2017-10-13
765,0 N Mopac Nb To Northland Ramp,Traffic Hazard,30.3340455,-97.7548433,2017-10-07
766,6000 N Mopac Expy Nb,Traffic Hazard,30.3426488,-97.7529666,2017-10-03
767,11000-11400 N IH 35 NB,Traffic Hazard,30.378761,-97.674986,2017-10-14
768,0 E Ben White To Ih 35 Nb Ramp,Traffic Hazard,30.2190785,-97.7570287,2017-10-08
769,4100 S Mopac Expy Sb,Traffic Hazard,30.2418635,-97.813444,2017-09-28
770,1316 S Congress Ave,Traffic Hazard,30.250399,-97.7494413,2017-09-28
771,8504 Elroy Rd,LOOSE LIVESTOCK,30.1309548,-97.6233772,2017-10-01
772,10700-blk S Us 183 Hwy,TRFC HAZD/ DEBRIS,30.091663,-97.693783,2017-10-15
773,3600-3620 W Parmer Ln,Crash Urgent,30.4238336,-97.7106888,2017-10-06
774,6900 N Mopac Expy Svrd Sb,Crash Service,30.3520268,-97.7496566,2017-09-29
775,5707-5713 E Stassney Ln,Traffic Hazard,30.190626,-97.733197,2017-10-15
776,16400-17513 FM 1100 RD,LOOSE LIVESTOCK,30.377159,-97.440809,2017-10-17
777,11118-11298 N Ih 35 Svrd Sb,Crash Urgent,30.140351,-97.7964379,2017-09-29
778,7418 Cameron Rd,Crash Urgent,30.329311,-97.690293,2017-10-12
779,Georgian Dr & E Rundberg Ln,Traffic Hazard,30.3608361,-97.6934161,2017-09-28
780,8900-9009 N Fm 620 Rd,Crash Urgent,30.4288746,-97.8427064,2017-10-06
781,Morrow St & N Lamar Blvd,Crash Urgent,30.3439776,-97.7149716,2017-10-03
782,12000 N Mopac Expy Nb,zSTALLED VEHICLE,30.4088205,-97.7152768,2017-10-03
783,E William Cannon Dr & S Ih 35 Svrd Nb,Traffic Hazard,30.190249,-97.7701164,2017-10-09
784,Shropshire Blvd & E Yager Ln,Crash Urgent,30.3894976,-97.656343,2017-10-04
785,N Lamar Blvd & B R Reynolds Dr,Crash Service,30.2676579,-97.7558373,2017-10-06
786,1600 E BEN WHITE BLVD EB,Traffic Hazard,30.2165274,-97.749757,2017-09-28
787,7501-7625 Ed Bluestein Blvd Svrd Nb,Crash Urgent,30.3224004,-97.6681621,2017-10-09
788,N Ih 35 Ud Nb To Airport Ramp & Airport Blvd,Traffic Hazard,30.301303,-97.714594,2017-10-15
789,12625 N Ih 35 Svrd Nb,Crash Service,30.408878,-97.673604,2017-10-15
790,W 3rd St & Lavaca St,Crash Urgent,30.265929,-97.746245,2017-10-13
791,Mc Bee Dr & Fm 969 Rd,Crash Urgent,30.2843781,-97.6578646,2017-10-02
792,6600-6618 Southwest Pkwy,Traffic Hazard,30.2518076,-97.8583006,2017-10-06
793,1900 S Lamar Blvd,Traffic Hazard,30.249451,-97.767359,2017-10-16
794,3407 W Wells Branch Pkwy,Crash Service,30.439876,-97.6966608,2017-10-04
795,1630 W WELLS BRANCH PKWY,COLLISION/PRIVATE PROPERTY,30.4397722,-97.6710283,2017-09-29
796,9308 S 1st St,Crash Service,30.1700928,-97.8014855,2017-09-27
797,12300-12365 N IH 35 SVRD NB,Crash Urgent,30.401994,-97.674279,2017-10-17
798,N Ih 35 Svrd Sb & Diamondback Trl,Traffic Hazard,30.3661454,-97.6834345,2017-09-29
799,8500 N Mopac Expy Sb,Crash Urgent,30.3722683,-97.7410772,2017-09-28
800,7600 Cameron Rd,zSTALLED VEHICLE,30.3311971,-97.6875518,2017-10-09
801,1200 W Slaughter Ln,zSTALLED VEHICLE,30.1739658,-97.812693,2017-09-29
802,E Stassney Ln & S Congress Ave,Crash Urgent,30.2049471,-97.7748004,2017-10-01
803,5809 WIDELEAF DR,COLLISN/ LVNG SCN,30.2557259,-97.5765873,2017-09-30
804,719-1035 E Anderson Ln Eb,Traffic Hazard,30.3475975,-97.7125898,2017-09-29
805,1700 W Parmer Ln,Crash Service,30.4129054,-97.6896148,2017-09-27
806,12901-13053 RIDGELINE BLVD,Crash Urgent,30.4713933,-97.8111472,2017-09-29
807,900 Rutland Dr,Crash Service,30.3662272,-97.6987812,2017-09-30
808,200-344 E Ben White Blvd Wb,Traffic Impediment,30.2239607,-97.7651973,2017-09-27
809,4236-4238 S Capital Of Texas Hwy Sb,Crash Urgent,30.233527,-97.795750,2017-10-13
810,10928-10964 RESEARCH BLVD SVRD SB,Crash Urgent,30.4023117,-97.7461602,2017-10-04
811,Bowie St & W 6th St,Crash Service,30.270962,-97.752522,2017-10-16
812,W Sh 71 & Tucker Hill Ln,TRFC HAZD/ DEBRIS,30.175285,-97.526904,2017-10-16
813,15400-BLK HARRY LIND RD,LOOSE LIVESTOCK,30.387478,-97.417908,2017-10-17
814,12500-12579 Research Blvd Nb,Traffic Hazard,30.428624,-97.7586454,2017-09-27
815,Shoalmont Dr & Burnet Rd,Traffic Impediment,30.330071,-97.739890,2017-10-15
816,4600 S Ih 35 Nb,Traffic Hazard,30.209793,-97.7560635,2017-09-27
817,201 E Anderson Ln Svrd Eb,Crash Service,30.343564,-97.705158,2017-10-13
818,S Congress Ave & W William Cannon Dr,Crash Urgent,30.1930196,-97.7788819,2017-09-29
819,S Congress Ave & E Elizabeth St,Crash Service,30.248924,-97.749937,2017-10-12
820,5117 N Lamar Blvd,Crash Urgent,30.318918,-97.730728,2017-10-13
821,7203 West Gate Blvd,Crash Urgent,30.2038176,-97.8171482,2017-10-05
822,Boulder Ln & N Fm 620 Rd,Traffic Hazard,30.443538,-97.833105,2017-10-13
823,2401 Hatley Dr,COLLISN/ LVNG SCN,30.272877,-97.778550,2017-10-13
824,E Cesar Chavez St & Chalmers Ave,Crash Service,30.257831,-97.726637,2017-10-13
825,10800-11525 FM 2222 RD,Crash Urgent,30.3948111,-97.8457901,2017-09-28
826,5300-5415 N Mopac Expy Nb,Traffic Hazard,30.232526,-97.8265844,2017-10-09
827,8900-9301 S Ih 35 Nb,Traffic Hazard,30.167496,-97.785589,2017-10-14
828,3003 S Lamar Blvd,Crash Service,30.2424493,-97.7838937,2017-09-27
829,S Congress Ave & Coleman St,Crash Service,30.2310738,-97.7593477,2017-10-10
830,1300-1316 W Braker Ln,Traffic Hazard,30.3854815,-97.6943919,2017-10-02
831,7100 ED BLUESTEIN BLVD SB,Traffic Hazard,30.315469,-97.663108,2017-10-13
832,W Huntland Dr & Airport Blvd,Crash Service,30.3303848,-97.7156439,2017-09-27
833,6900 S Ih 35 Sb,Traffic Hazard,30.1865285,-97.7734949,2017-09-27
834,200-425 Ed Bluestein Blvd Nb,Traffic Hazard,30.2479305,-97.690938,2017-09-30
835,7112 Ed Bluestein Blvd Svrd Sb,Traffic Impediment,30.314445,-97.663289,2017-10-12
836,10301 W Sh 71,TRFC HAZD/ DEBRIS,30.2754174,-97.9142635,2017-09-30
837,1300-1312 Lamar Square Dr,Crash Service,30.2543101,-97.762584,2017-09-28
838,10002-10033 Decker Ln,COLLISION WITH INJURY,30.3265099,-97.6054071,2017-10-03
839,1100-blk Bee Creek Rd,TRFC HAZD/ DEBRIS,30.395834,-98.051309,2017-10-13
840,Airport Blvd & E 51st St,Traffic Hazard,30.312069,-97.715340,2017-10-16
841,9200 S Ih 35 Nb,zSTALLED VEHICLE,30.1653231,-97.7877932,2017-10-03
842,TOMANET TRL & W PARMER LN,Crash Urgent,30.418295,-97.700912,2017-10-11
843,16200-16717 N Fm 973 Rd,COLLISION WITH INJURY,30.3999398,-97.5187667,2017-10-07
844,100 S Mopac Expy Sb,Traffic Hazard,30.2737633,-97.7719907,2017-09-29
845,12709 N Mopac Expy Svrd Nb,Crash Service,30.424444,-97.702299,2017-10-16
846,Walsh Tarlton Ln & Bee Caves Rd,TRFC HAZD/ DEBRIS,30.2744028,-97.8004374,2017-09-29
847,S Mopac Expy Svrd Nb & Davis Ln,Traffic Hazard,30.207668,-97.860461,2017-10-16
848,5904 Kabaye Cv,Traffic Impediment,30.2266316,-97.8619448,2017-10-04
849,1198-1505 Woodward St,Crash Service,30.2235217,-97.7476379,2017-10-05
850,4900 N Mopac Expy Sb,Traffic Hazard,30.326855,-97.755959,2017-10-17
851,6700-7127 N Mopac Expy Nb,Traffic Hazard,30.2195417,-97.8372921,2017-10-09
852,2410 E Riverside Dr,Crash Service,30.2362184,-97.7247728,2017-10-03
853,3906 W Braker Ln,Traffic Hazard,30.396762,-97.734584,2017-10-13
854,13600-Blk N SH 130 NB,VEHICLE FIRE,30.375984,-97.581813,2017-10-13
855,Mc Callen Pass & Center Ridge Dr,Crash Urgent,30.414338,-97.663369,2017-10-17
856,2508 E Riverside Dr,Crash Service,30.2348986,-97.7236452,2017-10-01
857,S Ih 35 Svrd Sb & Woodland Ave,Traffic Hazard,30.241047,-97.737398,2017-10-17
858,8200 Research Blvd Nb,Traffic Hazard,30.3548636,-97.7152855,2017-10-03
859,5700 W US 290 HWY SVRD WB,Crash Urgent,30.2366292,-97.8466029,2017-09-27
860,5701 W Slaughter Ln,Crash Urgent,30.2009076,-97.8669715,2017-09-29
861,2950-2969 Manor Rd,Traffic Impediment,30.2861274,-97.7078113,2017-09-27
862,E BEN WHITE BLVD SVRD EB & GOVERNORS ROW,Crash Urgent,30.215590,-97.749262,2017-10-12
863,13200 S Ih 35 Sb,Traffic Hazard,30.1112214,-97.8084294,2017-09-28
864,6400-6401 City Park Rd,Traffic Hazard,30.3657042,-97.7977461,2017-09-28
865,4500-4637 West Gate Blvd,Crash Service,30.230455,-97.800842,2017-10-13
866,3500 Susquehanna Ln,Crash Service,30.313135,-97.665108,2017-10-17
867,803 E Riverside Dr,Crash Urgent,30.2505462,-97.7404218,2017-10-03
868,1006 Banister Ln,Traffic Impediment,30.229284,-97.774236,2017-10-12
869,600-765 Bastrop Hwy Nb,Crash Service,30.2364305,-97.6863872,2017-09-28
870,200 W Anderson Ln Eb,Crash Urgent,30.344480,-97.706370,2017-10-12
871,1800-2032 E Ben White Blvd Wb,Traffic Hazard,30.2293765,-97.7865927,2017-10-08
872,E Parmer Ln & Mc Callen Pass,Crash Urgent,30.4052661,-97.6639419,2017-09-28
873,Libyan Dr & Turtle Creek Blvd,Crash Urgent,30.2073161,-97.793074,2017-09-29
874,1401 Marcus Pl,Crash Service,30.281234,-97.687025,2017-10-13
875,Woodrow Ave & Houston St,Traffic Impediment,30.326388,-97.7344668,2017-09-28
876,Tillery St & Govalle Ave,Crash Service,30.265992,-97.702194,2017-10-12
877,7020 Grand Canyon Dr,Crash Service,30.326797,-97.694680,2017-10-14
878,9508 Cheryl Lynn Rd,BLOCKED DRIV/ HWY,30.1496963,-97.7629114,2017-09-28
879,W William Cannon Dr & S Congress Ave,Crash Service,30.1930196,-97.7788819,2017-10-07
880,5100-blk N Lakeline Blvd,COLLISION,30.557093,-97.882411,2017-10-15
881,N Us 183 Hwy Sb & N 183 Hwy Sb To Oak Knoll Ramp,Crash Urgent,30.4333813,-97.7681876,2017-09-29
882,El Salido Pkwy & N Fm 620 Rd,Crash Urgent,30.458035,-97.823112,2017-10-17
883,0 MOPAC NB TO RESEARCH NB RAMP,Traffic Hazard,30.386161,-97.7432271,2017-10-09
884,13817-13900 N Us 183 Hwy Nb,Traffic Hazard,30.468956,-97.797017,2017-10-16
885,10708-11615 Gregg Ln,TRFC HAZD/ DEBRIS,30.4314022,-97.6831447,2017-09-28
886,0 E Anderson Ln To Cameron Ramp,Traffic Hazard,30.336084,-97.694833,2017-10-16
887,5704 Emerald Forest Dr,Traffic Hazard,30.209496,-97.787902,2017-10-17
888,1500 S Ih 35 Sb,Traffic Hazard,30.2423845,-97.7362061,2017-09-27
889,Duval Rd & Research Blvd Svrd Nb,Crash Service,30.419103,-97.746443,2017-10-15
890,8965 Research Blvd Svrd Nb,Crash Urgent,30.3717482,-97.7223025,2017-10-03
891,11200-11324 S Ih 35 Svrd Sb,Crash Urgent,30.137091,-97.797699,2017-10-13
892,5500-5899 GROVER AVE,Crash Urgent,30.2952693,-97.840862,2017-09-28
893,14338 N Sh 130 Sb,TRFC HAZD/ DEBRIS,30.3907392,-97.5792003,2017-09-29
894,ANDERSON MILL RD & DIES RANCH RD,TRFC HAZD/ DEBRIS,30.466078,-97.843936,2017-10-17
895,Woodrow Ave & Houston St,Traffic Impediment,30.326388,-97.7344668,2017-09-30
896,3014 W William Cannon Dr,Crash Service,30.210003,-97.821925,2017-10-14
897,1400-1922 W Ben White Blvd Wb,Traffic Hazard,30.2280109,-97.7810402,2017-10-02
898,E 7th St & N Pleasant Valley Rd,Crash Urgent,30.260132,-97.7095028,2017-09-29
899,12129 N FM 620 RD,Crash Service,30.4615214,-97.8179448,2017-09-26
900,12600 Research Blvd Svrd Sb,Traffic Hazard,30.4307109,-97.7633963,2017-09-28
901,6550 Comanche Trl,VEHICLE FIRE,30.404571,-97.872378,2017-10-14
902,100-125 Walter Seaholm Dr,Crash Urgent,30.266064,-97.753494,2017-10-13
903,4300-4501 S Ih 35 Svrd Nb,Crash Urgent,30.2133148,-97.7540585,2017-10-03
904,Wood Hollow Dr & Spicewood Springs Rd,Traffic Hazard,30.3617699,-97.746906,2017-10-04
905,9400 N Ih 35 Sb,Traffic Hazard,30.3585089,-97.6885748,2017-09-28
906,Montopolis Dr & Burleson Rd,Crash Urgent,30.2055687,-97.7165952,2017-10-06
907,N Fm 620 Rd & Buckner Rd,Traffic Hazard,30.4433468,-97.8332135,2017-09-29
908,7540 Ed Bluestein Blvd Svrd Sb,Crash Urgent,30.321409,-97.668433,2017-10-14
909,Grove Blvd & E Riverside Dr,Traffic Hazard,30.227030,-97.707935,2017-10-16
910,2900-2925 Palm Way,Crash Urgent,30.402241,-97.717630,2017-10-17
911,Burnet Rd & Justin Ln,Traffic Hazard,30.345389,-97.7375327,2017-10-02
912,N Fm 620 Rd Nb & Pecan Park Blvd,Traffic Hazard,30.465985,-97.803950,2017-10-14
913,4100 N Ih 35 Upper Deck Nb,Traffic Hazard,30.298481,-97.717108,2017-10-15
914,11100 N Ih 35 Nb,Crash Urgent,30.3752026,-97.6778016,2017-09-28
915,Davis Ln & Barstow Dr,Traffic Impediment,30.214835,-97.884362,2017-10-13
916,2300 N Mopac Expy Sb,Traffic Hazard,30.2892327,-97.761935,2017-09-30
917,9700 West Gate Blvd,zSTALLED VEHICLE,30.1819484,-97.8399008,2017-09-29
918,N Fm 973 Rd & E Braker Ln,TRFC HAZD/ DEBRIS,30.301640,-97.565440,2017-10-15
919,12160-12194 METRIC BLVD,Crash Service,30.408188,-97.697095,2017-10-17
920,Barton Springs Rd & S Lamar Blvd,Traffic Impediment,30.2608678,-97.7585333,2017-10-03
921,E Us 290 Hwy Svrd Eb & Ed Bluestein Blvd Svrd Nb,Crash Service,30.325201,-97.672067,2017-10-14
922,3500 Oakmont Blvd,Crash Urgent,30.3086263,-97.7546845,2017-10-03
923,2300-2530 E Ben White Blvd Wb,Traffic Hazard,30.2324233,-97.792895,2017-09-27
924,E 51st St & Ed Bluestein Blvd Nb,Traffic Hazard,30.292309,-97.6636343,2017-10-10
925,8408 N Ih 35 Svrd Sb,Crash Service,30.348168,-97.694775,2017-10-13
926,10550 W Parmer Ln,Crash Urgent,30.498149,-97.775717,2017-10-17
927,BLAKE MANOR RD & ROADRUNNER VIEW RD,LOOSE LIVESTOCK,30.2790284,-97.5071475,2017-10-03
928,3909 N Ih 35 Svrd Nb,Crash Service,30.2963226,-97.7182968,2017-10-04
929,1901 Barton Springs Rd,Traffic Hazard,30.264092,-97.764185,2017-10-12
930,12511-12799 N Mopac Expy Nb,Traffic Hazard,30.422431,-97.703328,2017-10-13
931,6100-6199 S Ih 35 Nb,Crash Urgent,30.194599,-97.767000,2017-10-15
932,5448 BURNET RD,Crash Service,30.3300373,-97.7399579,2017-10-01
933,60-69 San Marcos St,Traffic Impediment,30.2570804,-97.736284,2017-09-29
934,11300 N Ih 35 Svrd Sb,Crash Service,30.377125,-97.676482,2017-10-11
935,800-930 Ken St,Traffic Impediment,30.370437,-97.693523,2017-10-13
936,Driftwood Dr & Sprucewood Dr,Crash Urgent,30.362800,-97.786818,2017-10-16
937,11400-11811 S Ih 35 Svrd Nb,Traffic Hazard,30.1370537,-97.7977933,2017-09-30
938,3901-4301 W Slaughter Ln,Crash Urgent,30.190265,-97.857406,2017-10-16
939,7609 Cameron Rd,Crash Urgent,30.331243,-97.687350,2017-10-17
940,1513-1579 E Sh 71 Wb,Traffic Hazard,30.222128,-97.676089,2017-10-15
941,4700 West Gate Blvd,Traffic Hazard,30.2290572,-97.8014058,2017-10-05
942,Berkman Dr & E Us 290 Hwy Svrd Wb,zSTALLED VEHICLE,30.321914,-97.689035,2017-10-13
943,3400 W Slaughter Ln,Traffic Hazard,30.183154,-97.848804,2017-10-14
944,3800-4135 S SH 130 NB,TRFC HAZD/ DEBRIS,30.194524,-97.6244404,2017-09-28
945,7200-7645 E Ben White Blvd Eb,Traffic Hazard,30.217887,-97.691706,2017-10-16
946,801-833 W Koenig Ln,Crash Urgent,30.3259032,-97.7264005,2017-10-07
947,Pond Springs Rd & N Us 183 Hwy Svrd Nb,Crash Urgent,30.454814,-97.791258,2017-10-12
948,200 E 7th St,Traffic Hazard,30.268603,-97.741110,2017-10-13
949,811 Glen Oak Dr,Traffic Impediment,30.214519,-97.780351,2017-10-16
950,24700 Hamilton Pool Rd,COLLISION WITH INJURY,30.3388032,-98.1396738,2017-09-30
951,N Us 183 Hwy Svrd Sb & Spicewood Springs Rd,Crash Service,30.434084,-97.770148,2017-10-11
952,12676 N SH 130 SB,TRFC HAZD/ DEBRIS,30.3625691,-97.5860811,2017-09-29
953,Houston St & Woodrow Ave,Traffic Impediment,30.326388,-97.7344668,2017-10-05
954,12425 Lamplight Village Ave,Crash Urgent,30.414110,-97.696836,2017-10-12
955,Comanche Trl & N Fm 620 Rd,COLLISION,30.3943497,-97.8691306,2017-09-29
956,10200-blk Manchaca Rd,TRFC HAZD/ DEBRIS,30.168508,-97.826429,2017-10-16
957,2632 Ridgepoint Dr,Crash Service,30.3284502,-97.6701316,2017-09-30
958,Woodrow Ave & Houston St,Traffic Hazard,30.326388,-97.7344668,2017-09-29
959,Lakeline Blvd & N Us 183 Hwy Svrd Sb,Traffic Impediment,30.4794312,-97.803303,2017-10-07
960,E Ben White Eb To 183 Sb Ramp & S Us 183 Hwy Sb,zSTALLED VEHICLE,30.219197,-97.683385,2017-10-16
961,Rutland Dr & Mearns Meadow Blvd,Traffic Impediment,30.3670084,-97.7006369,2017-10-05
962,Cross Park Dr & Cameron Rd,Crash Service,30.343989,-97.678339,2017-10-15
963,Burnet Rd & W Braker Ln,Traffic Hazard,30.392347,-97.725626,2017-10-16
964,3224-3450 Steck Ave,Crash Urgent,30.367418,-97.740787,2017-10-17
965,2712-2810 W William Cannon Dr,Traffic Hazard,30.2076702,-97.8164857,2017-10-02
966,9000-9029 Research Blvd Svrd Nb,Traffic Hazard,30.372732,-97.724677,2017-10-16
967,1000 S Mopac Expy Nb,Traffic Hazard,30.265096,-97.784132,2017-10-17
968,900 N Ih 35 Svrd Sb,Crash Service,30.2687442,-97.7340268,2017-09-28
969,3001 S Fm 973 Rd,Crash Urgent,30.207230,-97.638379,2017-10-14
970,19000-20316 ENGELMANN LN,COLLISION,30.4446644,-97.5171343,2017-09-29
971,13359 Fm 2769 Rd,COLLISION,30.446419,-97.859873,2017-10-15
972,Lakeline Blvd To 183a Nb Ramp & N 183a Hwy Svrd Nb,Traffic Hazard,30.4820115,-97.8030699,2017-09-30
973,9500-9612 N MOPAC EXPY SVRD SB,Traffic Hazard,30.3839732,-97.7365452,2017-09-28
974,700 Colonial Park Blvd,Crash Urgent,30.209181,-97.762147,2017-10-15
975,5200 N Mopac Expy Nb,Traffic Hazard,30.331445,-97.7559649,2017-10-08
976,1400-1499 Treadwell St,Traffic Impediment,30.256663,-97.762688,2017-10-17
978,800-825 S Fm 973 Rd,COLLISION WITH INJURY,30.232794,-97.627259,2017-10-17
979,E Riverside Dr & Royal Crest Dr,Traffic Hazard,30.2417912,-97.7282907,2017-09-28
980,709 W William Cannon Dr,Crash Service,30.197176,-97.7882629,2017-10-02
981,3500 W Braker Ln,Traffic Hazard,30.3943284,-97.7294582,2017-09-28
982,4500-4553 GUADALUPE ST,Crash Urgent,30.312717,-97.731712,2017-10-16
983,3105 S Ih 35 Svrd Nb,COLLISION,30.2255369,-97.7455368,2017-09-27
984,E William Cannon Dr & Springfield Dr,Crash Service,30.164243,-97.728280,2017-10-14
985,311 N Paleface Ranch Rd,COLLISION,30.442675,-98.100153,2017-10-14
986,12900 Pond Springs Rd,Crash Service,30.437716,-97.771707,2017-10-16
987,4100 N Mopac Expy Sb,Crash Urgent,30.315200,-97.756740,2017-10-17
988,4800 N MOPAC EXPY SB,Crash Urgent,30.3238857,-97.7561127,2017-09-28
989,4400 N Ih 35 Nb,Traffic Hazard,30.3017741,-97.7157146,2017-09-30
990,West Lynn St & W 10th St,Traffic Hazard,30.278880,-97.760015,2017-10-13
991,2316 Guadalupe St,Traffic Hazard,30.2868792,-97.7417138,2017-10-03
992,600-1025 W Ben White Blvd Eb,Crash Urgent,30.2268781,-97.7695943,2017-09-30
993,1400 Greenwood Ave,Traffic Impediment,30.279322,-97.696475,2018-02-23
994,10062-10106 E US 290 HWY WB,Crash Service,30.341622,-97.588784,2018-02-23
995,0 N Ih 35 Nb To Rutherford Ramp,Crash Urgent,30.34093,-97.698789,2018-02-23
996,BEE CAVES RD & MC CONNELL DR,TRFC HAZD/ DEBRIS,30.284068,-97.811538,2018-02-23
997,2700 W Anderson Ln,Crash Service,30.358312,-97.735458,2018-02-23
998,Burnet Rd & Shoreline Dr,TRFC HAZD/ DEBRIS,30.46065,-97.694703,2018-02-23
999,E Martin Luther King Jr Blvd & Airport Blvd,zSTALLED VEHICLE,30.282572,-97.703945,2018-02-23
